-- ============================================
-- ุจูุงูุงุช ุงูุนุฑุถ ุงูุชูุถูุญู ูููุณุชุซูุฑูู
-- Demo Seed Data for Investor Presentation
-- ============================================
-- ุชุดุบูู ูุฐุง ุงูุณูุฑุจุช ูู Supabase SQL Editor
-- Run this script in Supabase SQL Editor

-- ============================================
-- 1. ุฅูุดุงุก ุงููุณุชุฎุฏููู ุงูุชุฌุฑูุจููู
-- Create Demo Users
-- Password: Demo@123 (bcrypt hash)
-- ============================================

INSERT INTO users (id, email, password_hash, full_name, phone, governorate, city, bio, user_type, business_name, email_verified, phone_verified, rating, total_reviews, created_at, updated_at)
VALUES
  ('demo-user-001', 'ahmed.hassan@demo.xchange.eg', '$2b$10$8K1p/a0dL1LXMc0RVuQmQOqBkYfHZKGFhGKjGxPkLzxFKXyZQxXCq', 'ุฃุญูุฏ ุญุณู ูุญููุฏ', '+201001234567', 'ุงููุงูุฑุฉ', 'ูุฏููุฉ ูุตุฑ', 'ุชุงุฌุฑ ุฅููุชุฑูููุงุช ููุฐ 10 ุณููุงุชุ ูุชุฎุตุต ูู ุงูููุงุชู ุงูุฐููุฉ', 'BUSINESS', 'ุญุณู ููุฅููุชุฑูููุงุช', true, true, 4.8, 45, NOW(), NOW()),
  ('demo-user-002', 'sara.mohamed@demo.xchange.eg', '$2b$10$8K1p/a0dL1LXMc0RVuQmQOqBkYfHZKGFhGKjGxPkLzxFKXyZQxXCq', 'ุณุงุฑุฉ ูุญูุฏ ุนุจุฏุงููู', '+201112345678', 'ุงูุฅุณููุฏุฑูุฉ', 'ุณููุญุฉ', 'ููุชูุฉ ุจุงูุฃุซุงุซ ุงูููุฒูู ูุงูุฏูููุฑ', 'INDIVIDUAL', NULL, true, true, 4.5, 23, NOW(), NOW()),
  ('demo-user-003', 'omar.ali@demo.xchange.eg', '$2b$10$8K1p/a0dL1LXMc0RVuQmQOqBkYfHZKGFhGKjGxPkLzxFKXyZQxXCq', 'ุนูุฑ ุนูู ุฅุจุฑุงููู', '+201223456789', 'ุงูุฌูุฒุฉ', '6 ุฃูุชูุจุฑ', 'ุฎุจูุฑ ูู ุงูุณูุงุฑุงุช ุงููุณุชุนููุฉ ููุทุน ุงูุบูุงุฑ', 'BUSINESS', 'ุนูุฑ ููุชูุฑุฒ', true, true, 4.9, 67, NOW(), NOW()),
  ('demo-user-004', 'fatma.ahmed@demo.xchange.eg', '$2b$10$8K1p/a0dL1LXMc0RVuQmQOqBkYfHZKGFhGKjGxPkLzxFKXyZQxXCq', 'ูุงุทูุฉ ุฃุญูุฏ ุงูุณูุฏ', '+201098765432', 'ุงูุฏููููุฉ', 'ุงูููุตูุฑุฉ', 'ุฃุนูู ูู ูุฌุงู ุงูุฃุฌูุฒุฉ ุงูููุฒููุฉ ูุงูููุฑุจุงุฆูุฉ', 'INDIVIDUAL', NULL, true, true, 4.6, 31, NOW(), NOW()),
  ('demo-user-005', 'mohamed.ibrahim@demo.xchange.eg', '$2b$10$8K1p/a0dL1LXMc0RVuQmQOqBkYfHZKGFhGKjGxPkLzxFKXyZQxXCq', 'ูุญูุฏ ุฅุจุฑุงููู ุฎููู', '+201156789012', 'ุงููุงูุฑุฉ', 'ุงููุนุงุฏู', 'ุฌุงูุน ููุชุฏุงูู ููุณุงุนุงุช ุงููุงุฎุฑุฉ ูุงููุฌููุฑุงุช', 'BUSINESS', 'ุฎููู ููุณุงุนุงุช ุงููุงุฎุฑุฉ', true, true, 4.95, 89, NOW(), NOW()),
  ('demo-user-006', 'noura.hassan@demo.xchange.eg', '$2b$10$8K1p/a0dL1LXMc0RVuQmQOqBkYfHZKGFhGKjGxPkLzxFKXyZQxXCq', 'ููุฑุง ุญุณู ุนุจุฏุงูุฑุญูู', '+201267890123', 'ุงูุฅุณููุฏุฑูุฉ', 'ุงูููุชุฒู', 'ูุตููุฉ ุฃุฒูุงุก ูููุชูุฉ ุจุงูููุถุฉ', 'INDIVIDUAL', NULL, true, true, 4.7, 28, NOW(), NOW()),
  ('demo-user-007', 'youssef.kamal@demo.xchange.eg', '$2b$10$8K1p/a0dL1LXMc0RVuQmQOqBkYfHZKGFhGKjGxPkLzxFKXyZQxXCq', 'ููุณู ููุงู ูุญููุฏ', '+201012345000', 'ุงูุฌูุฒุฉ', 'ุงูุดูุฎ ุฒุงูุฏ', 'ุชุงุฌุฑ ุชูุงูู ูููุงุฏ ูุงุจูุฉ ูุฅุนุงุฏุฉ ุงูุชุฏููุฑ', 'BUSINESS', 'ููุณู ูุชุฌุงุฑุฉ ุงูุฎุฑุฏุฉ', true, true, 4.6, 156, NOW(), NOW()),
  ('demo-user-008', 'mona.salem@demo.xchange.eg', '$2b$10$8K1p/a0dL1LXMc0RVuQmQOqBkYfHZKGFhGKjGxPkLzxFKXyZQxXCq', 'ููู ุณุงูู ุฃุญูุฏ', '+201178901234', 'ุฃุณููุท', 'ุฃุณููุท', 'ูุนููุฉ ูููุชูุฉ ุจุงููุชุจ ูุงูุฃุฏูุงุช ุงูุชุนููููุฉ', 'INDIVIDUAL', NULL, true, true, 4.4, 15, NOW(), NOW()),
  ('demo-user-009', 'khaled.mansour@demo.xchange.eg', '$2b$10$8K1p/a0dL1LXMc0RVuQmQOqBkYfHZKGFhGKjGxPkLzxFKXyZQxXCq', 'ุฎุงูุฏ ููุตูุฑ ุนุจุฏุงููู', '+201289012345', 'ุจูุฑุณุนูุฏ', 'ุจูุฑุณุนูุฏ', 'ูุณูุท ูุนุชูุฏ ูู ุงูููุงูุถุงุช ุงููุจูุฑุฉ', 'BUSINESS', 'ููุตูุฑ ูููุณุงุทุฉ', true, true, 4.85, 82, NOW(), NOW()),
  ('demo-user-010', 'layla.omar@demo.xchange.eg', '$2b$10$8K1p/a0dL1LXMc0RVuQmQOqBkYfHZKGFhGKjGxPkLzxFKXyZQxXCq', 'ูููู ุนูุฑ ุญุณูู', '+201190123456', 'ุงูุฃูุตุฑ', 'ุงูุฃูุตุฑ', 'ุตุงุญุจุฉ ูุญู ููุชุญู ูุงูุฃูุชููุงุช', 'BUSINESS', 'ุจุงุฒุงุฑ ูููู', true, true, 4.75, 42, NOW(), NOW())
ON CONFLICT (email) DO NOTHING;

-- ============================================
-- 2. ุฅูุดุงุก ุงููุฆุงุช (ูุน ุชุญุฏูุซ ID ุฅุฐุง ูุงูุช ููุฌูุฏุฉ)
-- Create Categories (update ID if exists)
-- ============================================

-- Delete existing demo categories if any
DELETE FROM categories WHERE id LIKE 'cat-%';

-- Insert categories with custom IDs
INSERT INTO categories (id, name_en, name_ar, slug, icon, is_active, created_at, updated_at)
VALUES
  ('cat-electronics', 'Electronics', 'ุงูุฅููุชุฑูููุงุช', 'electronics', '๐ฑ', true, NOW(), NOW()),
  ('cat-appliances', 'Home Appliances', 'ุงูุฃุฌูุฒุฉ ุงูููุฒููุฉ', 'home-appliances', '๐', true, NOW(), NOW()),
  ('cat-furniture', 'Furniture', 'ุงูุฃุซุงุซ', 'furniture', '๐๏ธ', true, NOW(), NOW()),
  ('cat-vehicles', 'Vehicles', 'ุงููุฑูุจุงุช', 'vehicles', '๐', true, NOW(), NOW()),
  ('cat-luxury', 'Luxury', 'ุงููุงุฎุฑุฉ', 'luxury', '๐', true, NOW(), NOW()),
  ('cat-scrap', 'Scrap', 'ุงูุชูุงูู', 'scrap', 'โป๏ธ', true, NOW(), NOW())
ON CONFLICT (slug) DO UPDATE SET id = EXCLUDED.id, name_en = EXCLUDED.name_en, name_ar = EXCLUDED.name_ar, icon = EXCLUDED.icon;

-- ============================================
-- 3. ุฅูุดุงุก ุงูููุชุฌุงุช ุงูุนุงุฏูุฉ
-- Create Regular Items
-- ============================================

INSERT INTO items (id, seller_id, title, description, condition, estimated_value, images, governorate, city, category_id, status, views, is_featured, promotion_tier, listing_type, created_at, updated_at)
VALUES
  -- Electronics
  ('item-001', 'demo-user-001', 'iPhone 15 Pro Max 256GB', 'ุขูููู 15 ุจุฑู ูุงูุณ ุฌุฏูุฏ ูู ููุชุญุ ุถูุงู ุณูุฉ ูู ุฃุจู ูุตุฑ. ุงูููู ุชูุชุงูููู ุทุจูุนู. ุงููุฑุชููุฉ ูุบููุฉ.', 'NEW', 65000, ARRAY['https://images.unsplash.com/photo-1695048133142-1a20484d2569?w=800'], 'ุงููุงูุฑุฉ', 'ูุฏููุฉ ูุตุฑ', 'cat-electronics', 'ACTIVE', 523, true, 'GOLD', 'DIRECT_SALE', NOW(), NOW()),
  ('item-002', 'demo-user-001', 'Samsung Galaxy S24 Ultra 512GB', 'ุณุงูุณููุฌ S24 ุฃูุชุฑุง ูุณุชุนูู ุฃุณุจูุนูู ููุทุ ูู ุงูููุญูุงุช ุงูุฃุตููุฉ ููุฌูุฏุฉ. ุงูููู ุฃุณูุฏ ุชูุชุงูููู.', 'LIKE_NEW', 48000, ARRAY['https://images.unsplash.com/photo-1610945265064-0e34e5519bbf?w=800'], 'ุงูุฅุณููุฏุฑูุฉ', 'ุณููุญุฉ', 'cat-electronics', 'ACTIVE', 312, false, 'FEATURED', 'DIRECT_SALE', NOW(), NOW()),
  ('item-003', 'demo-user-003', 'MacBook Pro M3 Pro 14 ุจูุตุฉ', 'ูุงู ุจูู ุจุฑู M3 ุจุฑูุ ุฑุงู 18 ุฌูุฌุงุ 512 SSD. ูุซุงูู ูููุตูููู ูุงููุจุฑูุฌูู. ุถูุงู ุฃุจู ุณูุชูู.', 'NEW', 95000, ARRAY['https://images.unsplash.com/photo-1517336714731-489689fd1ca8?w=800'], 'ุงูุฌูุฒุฉ', '6 ุฃูุชูุจุฑ', 'cat-electronics', 'ACTIVE', 445, true, 'PLATINUM', 'DIRECT_SALE', NOW(), NOW()),
  ('item-004', 'demo-user-001', 'Sony PlayStation 5 Slim', 'ุจูุงูุณุชูุดู 5 ุณููู ุงูุฅุตุฏุงุฑ ุงูุฌุฏูุฏ ูุน 2 ูุฏ ุชุญูู. ุงุณุชุนูุงู ุดูุฑ ูุงุญุฏ ููุท.', 'LIKE_NEW', 28000, ARRAY['https://images.unsplash.com/photo-1606144042614-b2417e99c4e3?w=800'], 'ุงููุงูุฑุฉ', 'ูุฏููุฉ ูุตุฑ', 'cat-electronics', 'ACTIVE', 289, false, 'BASIC', 'DIRECT_SALE', NOW(), NOW()),

  -- Home Appliances
  ('item-005', 'demo-user-004', 'ุซูุงุฌุฉ ุชูุดูุจุง 18 ูุฏู ูููุฑูุณุช', 'ุซูุงุฌุฉ ุชูุดูุจุง ุงููุฑุชุฑ ูููุฑุฉ ููุทุงูุฉุ ููู ุณูููุฑุ ุถูุงู 5 ุณููุงุช ูู ุงููููู. ุฌุฏูุฏุฉ ุจุงููุฑุชููุฉ.', 'NEW', 22000, ARRAY['https://images.unsplash.com/photo-1584568694244-14fbdf83bd30?w=800'], 'ุงูุฏููููุฉ', 'ุงูููุตูุฑุฉ', 'cat-appliances', 'ACTIVE', 178, false, 'FEATURED', 'DIRECT_SALE', NOW(), NOW()),
  ('item-006', 'demo-user-004', 'ุบุณุงูุฉ LG 9 ูููู ููู ุฃูุชููุงุชูู', 'ุบุณุงูุฉ LG ููุชูุฑ ุงููุฑุชุฑุ ุจุฑุงูุฌ ูุชุนุฏุฏุฉุ ุงุณุชุนูุงู ุณูุฉ ูุงุญุฏุฉ. ุญุงูุฉ ููุชุงุฒุฉ.', 'GOOD', 12000, ARRAY['https://images.unsplash.com/photo-1626806787461-102c1bfaaea1?w=800'], 'ุงูุฏููููุฉ', 'ุงูููุตูุฑุฉ', 'cat-appliances', 'ACTIVE', 145, false, 'BASIC', 'DIRECT_SALE', NOW(), NOW()),
  ('item-007', 'demo-user-002', 'ุชูููู ุดุงุฑุจ 1.5 ุญุตุงู ุงููุฑุชุฑ', 'ุชูููู ุดุงุฑุจ ุงููุฑุชุฑ ูููุฑ ููููุฑุจุงุกุ ุจุงุฑุฏ/ุณุงุฎู. ุถูุงู 5 ุณููุงุช.', 'NEW', 28000, ARRAY['https://images.unsplash.com/photo-1585771724684-38269d6639fd?w=800'], 'ุงูุฅุณููุฏุฑูุฉ', 'ุณููุญุฉ', 'cat-appliances', 'ACTIVE', 234, true, 'GOLD', 'DIRECT_SALE', NOW(), NOW()),

  -- Furniture
  ('item-008', 'demo-user-002', 'ุทูู ุตุงููู ููุงุณูู 9 ูุทุน', 'ุทูู ุตุงููู ุฎุดุจ ุฒุงู ูุตุฑูุ ุชูุฌูุฏ ุดุงููุงู ูุงุฎุฑุ ุตูุงุนุฉ ุฏููุงุท. 3 ููุจ + 4 ููุชููุงุช + 2 ุฑููุฉ.', 'GOOD', 35000, ARRAY['https://images.unsplash.com/photo-1555041469-a586c61ea9bc?w=800'], 'ุงูุฌูุฒุฉ', 'ุงูุดูุฎ ุฒุงูุฏ', 'cat-furniture', 'ACTIVE', 267, false, 'FEATURED', 'DIRECT_SALE', NOW(), NOW()),
  ('item-009', 'demo-user-006', 'ุบุฑูุฉ ููู ููุฏุฑู ูุงููุฉ', 'ุบุฑูุฉ ููู ููุฏุฑู: ุณุฑูุฑ 180 ุณูุ ุฏููุงุจ 6 ุถููุฉุ 2 ูููุฏูููุ ุชุณุฑูุญุฉ ูุน ูุฑุขุฉ. ุฎุดุจ MDF ุนุงูู ุงูุฌูุฏุฉ.', 'LIKE_NEW', 45000, ARRAY['https://images.unsplash.com/photo-1505693416388-ac5ce068fe85?w=800'], 'ุงูุฅุณููุฏุฑูุฉ', 'ุงูููุชุฒู', 'cat-furniture', 'ACTIVE', 189, true, 'GOLD', 'DIRECT_SALE', NOW(), NOW()),

  -- Vehicles
  ('item-010', 'demo-user-003', 'ููููุฏุงู ุฅููุชุฑุง AD 2020', 'ุฅููุชุฑุง 2020 ูุงุจุฑููุง ุจุงููุงููุ 45000 ูู ููุทุ ุฑุฎุตุฉ ุณูุฉ. ุงูููู ุฃุจูุถ ูุคูุคู. ูุญุต ุดุงูู ูุชุงุญ.', 'GOOD', 580000, ARRAY['https://images.unsplash.com/photo-1580273916550-e323be2ae537?w=800'], 'ุงููุงูุฑุฉ', 'ูุฏููุฉ ูุตุฑ', 'cat-vehicles', 'ACTIVE', 678, true, 'PLATINUM', 'DIRECT_SALE', NOW(), NOW()),
  ('item-011', 'demo-user-003', 'ุชูููุชุง ููุฑููุง 2019', 'ููุฑููุง 2019 ุฃูุชููุงุชููุ 60000 ููุ ุญุงูุฉ ููุชุงุฒุฉ. ุตูุงูุฉ ุชูููู. ูุงุจุฑููุง ุจุงููุงูู.', 'GOOD', 450000, ARRAY['https://images.unsplash.com/photo-1590362891991-f776e747a588?w=800'], 'ุงูุฌูุฒุฉ', '6 ุฃูุชูุจุฑ', 'cat-vehicles', 'ACTIVE', 534, false, 'GOLD', 'DIRECT_SALE', NOW(), NOW())
ON CONFLICT (id) DO NOTHING;

-- ============================================
-- 4. ุฅูุดุงุก ููุชุฌุงุช ุณูู ุงููุงุฎุฑุฉ
-- Create Luxury Items
-- ============================================

INSERT INTO items (id, seller_id, title, description, condition, estimated_value, images, governorate, city, category_id, status, views, is_featured, promotion_tier, listing_type, created_at, updated_at)
VALUES
  ('luxury-001', 'demo-user-005', 'ุณุงุนุฉ Rolex Submariner Date', 'ุฑูููุณ ุตุจ ูุงุฑููุฑ ุฃุตููุฉ 100%ุ ููุฏูู 2022. ูุน ุฌููุน ุงูุฃูุฑุงู ูุงูุตูุฏูู ุงูุฃุตูู ูุดูุงุฏุฉ ุงูุถูุงู. ุฑูููุฑูุณ 126610LN.', 'LIKE_NEW', 850000, ARRAY['https://images.unsplash.com/photo-1587836374828-4dbafa94cf0e?w=800'], 'ุงููุงูุฑุฉ', 'ุงููุนุงุฏู', 'cat-luxury', 'ACTIVE', 1234, true, 'PLATINUM', 'DIRECT_SALE', NOW(), NOW()),
  ('luxury-002', 'demo-user-005', 'ุญููุจุฉ Louis Vuitton Neverfull MM', 'ุญููุจุฉ ูููุณ ููุชูู ูููุฑููู ุฃุตููุฉุ ููุงุณ ูุชูุณุทุ ุงุณุชุนูุงู ุฎููู ุฌุฏุงู. ูุน ุงูุฏุณุช ุจุงุฌ ูุงูุฅูุตุงู ุงูุฃุตูู ูู ุจุงุฑูุณ.', 'LIKE_NEW', 65000, ARRAY['https://images.unsplash.com/photo-1584917865442-de89df76afd3?w=800'], 'ุงูุฌูุฒุฉ', 'ุงูุดูุฎ ุฒุงูุฏ', 'cat-luxury', 'ACTIVE', 567, true, 'GOLD', 'DIRECT_SALE', NOW(), NOW()),
  ('luxury-003', 'demo-user-005', 'ุฎุงุชู ุฃููุงุณ 2 ููุฑุงุท', 'ุฎุงุชู ุณูููุชูุฑ ุฃููุงุณ 2 ููุฑุงุทุ ุฐูุจ ุฃุจูุถ 18 ููุฑุงุทุ ููุงุก VS1ุ ููู F. ุดูุงุฏุฉ GIA ูุฑููุฉ.', 'NEW', 450000, ARRAY['https://images.unsplash.com/photo-1605100804763-247f67b3557e?w=800'], 'ุงููุงูุฑุฉ', 'ุงููุนุงุฏู', 'cat-luxury', 'ACTIVE', 345, true, 'PLATINUM', 'DIRECT_SALE', NOW(), NOW()),
  ('luxury-004', 'demo-user-005', 'ุณุงุนุฉ Patek Philippe Nautilus', 'ุจุงุชูู ููููุจ ููุชูููุณ 5711/1Aุ ุณุชููุ ูุน ุฌููุน ุงูุฃูุฑุงู ูุงูุตูุฏูู. ูุงุฏุฑุฉ ุฌุฏุงู - ููููู ุฅูุชุงุฌูุง.', 'LIKE_NEW', 2500000, ARRAY['https://images.unsplash.com/photo-1523170335258-f5ed11844a49?w=800'], 'ุงูุฅุณููุฏุฑูุฉ', 'ุณุงู ุณุชููุงูู', 'cat-luxury', 'ACTIVE', 2156, true, 'PLATINUM', 'DIRECT_SALE', NOW(), NOW()),
  ('luxury-005', 'demo-user-010', 'ุทูู ูุฌููุฑุงุช ุฐูุจ ุนูุงุฑ 21', 'ุทูู ูุงูู: ุนูุฏ + ุฃุณูุฑุฉ + ุญูู + ุฎุงุชู. ุฐูุจ ุนูุงุฑ 21ุ ูุฒู ุฅุฌูุงูู 85 ุฌุฑุงู. ุตูุงุนุฉ ูุฏููุฉ ุฑุงููุฉ.', 'NEW', 320000, ARRAY['https://images.unsplash.com/photo-1515562141207-7a88fb7ce338?w=800'], 'ุงูุฃูุตุฑ', 'ุงูุฃูุตุฑ', 'cat-luxury', 'ACTIVE', 423, true, 'GOLD', 'DIRECT_SALE', NOW(), NOW())
ON CONFLICT (id) DO NOTHING;

-- ============================================
-- 5. ุฅูุดุงุก ููุชุฌุงุช ุณูู ุงูุชูุงูู
-- Create Scrap Items
-- ============================================

INSERT INTO items (id, seller_id, title, description, condition, estimated_value, images, governorate, city, category_id, status, views, is_scrap, scrap_type, scrap_condition, metal_type, weight_kg, price_per_kg, scrap_pricing_type, is_repairable, repair_cost_estimate, listing_type, created_at, updated_at)
VALUES
  ('scrap-001', 'demo-user-007', 'ุฎุฑุฏุฉ ูุญุงุณ ููู 50 ูููู', 'ูุญุงุณ ุฃุญูุฑ ููู ูู ูุงุจูุงุช ููุฑุจุงุฆูุฉุ ูุธูู ูุฌุงูุฒ ููุตูุฑ. ูุณุจุฉ ููุงุก 99%.', 'POOR', 14000, ARRAY['https://images.unsplash.com/photo-1558618666-fcd25c85cd64?w=800'], 'ุงูุฌูุฒุฉ', 'ุงูุดูุฎ ุฒุงูุฏ', 'cat-scrap', 'ACTIVE', 89, true, 'CABLES_WIRES', 'TOTALLY_DAMAGED', 'COPPER', 50, 280, 'PER_KG', false, NULL, 'DIRECT_SALE', NOW(), NOW()),
  ('scrap-002', 'demo-user-007', 'ุซูุงุฌุฉ ุชูุดูุจุง ุชุงููุฉ ููุฎุฑุฏุฉ', 'ุซูุงุฌุฉ ูุฏููุฉ ูุง ุชุนููุ ุตุงูุญุฉ ููุชูููู ูุงุณุชุฎุฑุงุฌ ุงููุญุงุณ ูุงูุฃููููููู. ุงูููุชูุฑ ุณููู.', 'POOR', 1500, ARRAY['https://images.unsplash.com/photo-1558618666-fcd25c85cd64?w=800'], 'ุงููุงูุฑุฉ', 'ุดุจุฑุง', 'cat-scrap', 'ACTIVE', 45, true, 'HOME_APPLIANCES', 'NOT_WORKING', NULL, 80, NULL, 'PER_PIECE', true, 2500, 'DIRECT_SALE', NOW(), NOW()),
  ('scrap-003', 'demo-user-007', 'ููุชูุฑ ุณูุงุฑุฉ ุชูููุชุง ููุฎุฑุฏุฉ', 'ููุชูุฑ ุชูููุชุง ููุฑููุง 2010ุ ูุญุชุงุฌ ุนูุฑุฉ ูุงููุฉ ุฃู ููุฎุฑุฏุฉ. ุงููุชูุฉ ุณูููุฉ.', 'POOR', 3500, ARRAY['https://images.unsplash.com/photo-1486262715619-67b85e0b08d3?w=800'], 'ุงูุฅุณููุฏุฑูุฉ', 'ุจุฑุฌ ุงูุนุฑุจ', 'cat-scrap', 'ACTIVE', 67, true, 'CAR_PARTS', 'NOT_WORKING', 'IRON', 150, NULL, 'PER_PIECE', true, 8000, 'DIRECT_SALE', NOW(), NOW()),
  ('scrap-004', 'demo-user-007', 'ุฃููููููู ููุงูุฐ ูุฏููุฉ 100 ูููู', 'ุฃููููููู ูู ููุงูุฐ ููููุฉุ ูุธูู ูู ุงูุฒุฌุงุฌ ูุงูุจูุงุณุชูู. ุฌุงูุฒ ููุชุฏููุฑ.', 'POOR', 8500, ARRAY['https://images.unsplash.com/photo-1558618666-fcd25c85cd64?w=800'], 'ุงูุฏููููุฉ', 'ุงูููุตูุฑุฉ', 'cat-scrap', 'ACTIVE', 56, true, 'CONSTRUCTION', 'TOTALLY_DAMAGED', 'ALUMINUM', 100, 85, 'PER_KG', false, NULL, 'DIRECT_SALE', NOW(), NOW()),
  ('scrap-005', 'demo-user-007', 'ุจุทุงุฑูุงุช ุณูุงุฑุงุช ูุณุชุนููุฉ 20 ูุทุนุฉ', 'ุจุทุงุฑูุงุช 12 ูููุช ูุณุชุนููุฉุ ุจุนุถูุง ูุนูู (5 ูุทุน)ุ ูุนุธููุง ููุฑุตุงุต. ุฅุฌูุงูู ุงููุฒู 400 ูููู.', 'POOR', 6000, ARRAY['https://images.unsplash.com/photo-1619642751034-765dfdf7c58e?w=800'], 'ุจูุฑุณุนูุฏ', 'ุจูุฑุณุนูุฏ', 'cat-scrap', 'ACTIVE', 78, true, 'BATTERIES', 'PARTIALLY_WORKING', 'LEAD', 400, NULL, 'PER_LOT', false, NULL, 'DIRECT_SALE', NOW(), NOW()),
  ('scrap-006', 'demo-user-007', 'ูุงุจุชูุจุงุช ูููุจููุชุฑุงุช ูุฏููุฉ 15 ุฌูุงุฒ', 'ุฃุฌูุฒุฉ ููุจููุชุฑ ูุฏููุฉ ููุฎุฑุฏุฉุ ุชุตูุญ ูุงุณุชุฎุฑุงุฌ ุงููุนุงุฏู ุงูุซูููุฉ ูู ุงูููุญุงุช ุงูุฅููุชุฑูููุฉ.', 'POOR', 4500, ARRAY['https://images.unsplash.com/photo-1518770660439-4636190af475?w=800'], 'ุงููุงูุฑุฉ', 'ูุณุท ุงูุจูุฏ', 'cat-scrap', 'ACTIVE', 92, true, 'COMPUTERS', 'NOT_WORKING', NULL, 60, NULL, 'PER_LOT', false, NULL, 'DIRECT_SALE', NOW(), NOW())
ON CONFLICT (id) DO NOTHING;

-- ============================================
-- 6. ุฅูุดุงุก ุงูููุงุฆู (Listings)
-- Create Listings
-- ============================================

INSERT INTO listings (id, item_id, user_id, listing_type, price, status, views, created_at, updated_at)
SELECT
  'listing-' || SUBSTRING(id FROM 6),
  id,
  seller_id,
  'DIRECT_SALE',
  estimated_value,
  'ACTIVE',
  views,
  created_at,
  updated_at
FROM items
WHERE id LIKE 'item-%' OR id LIKE 'luxury-%' OR id LIKE 'scrap-%'
ON CONFLICT (id) DO NOTHING;

-- ============================================
-- 7. ุฅูุดุงุก ุนุฑูุถ ููุงุด
-- Create Flash Deals
-- ============================================

INSERT INTO flash_deals (id, title, description, listing_id, original_price, deal_price, discount_percent, total_quantity, sold_quantity, reserved_quantity, start_time, end_time, status, created_at, updated_at)
VALUES
  ('flash-001', 'ุนุฑุถ ููุงุด: ุฎุตู 40% ุนูู iPhone 15 Pro Max', 'ุนุฑุถ ููุชุฑุฉ ูุญุฏูุฏุฉ! ููุฑ 26,000 ุฌููู ุนูู ุฃุญุฏุซ ุขูููู', 'listing-001', 65000, 39000, 40, 10, 3, 1, NOW() - INTERVAL '1 hour', NOW() + INTERVAL '5 hours', 'ACTIVE', NOW(), NOW()),
  ('flash-002', 'ุนุฑุถ ููุงุด: ุฎุตู 35% ุนูู Samsung S24 Ultra', 'ุณุงูุณููุฌ ุงูุฑุงุฆุฏ ุจุฎุตู ูุฐูู - ุงููููุฉ ูุญุฏูุฏุฉ!', 'listing-002', 48000, 31200, 35, 8, 2, 0, NOW() - INTERVAL '2 hours', NOW() + INTERVAL '4 hours', 'ACTIVE', NOW(), NOW()),
  ('flash-003', 'ุนุฑุถ ููุงุด: ุฎุตู 30% ุนูู MacBook Pro M3', 'ูุงู ุจูู ุจุฑู ุจุฃูู ุณุนุฑ - ููุชุฑุฉ ูุญุฏูุฏุฉ ุฌุฏุงู', 'listing-003', 95000, 66500, 30, 5, 1, 1, NOW() - INTERVAL '30 minutes', NOW() + INTERVAL '6 hours', 'ACTIVE', NOW(), NOW()),
  ('flash-004', 'ุนุฑุถ ููุงุด: ุฎุตู 50% ุนูู PlayStation 5', 'ุจูุงูุณุชูุดู 5 ุจูุตู ุงูุณุนุฑ! ุนุฑุถ ูุง ููููุช', 'listing-004', 28000, 14000, 50, 15, 8, 2, NOW() - INTERVAL '3 hours', NOW() + INTERVAL '3 hours', 'ACTIVE', NOW(), NOW()),
  ('flash-005', 'ุนุฑุถ ููุงุด: ุฎุตู 25% ุนูู ุซูุงุฌุฉ ุชูุดูุจุง', 'ุซูุงุฌุฉ ุชูุดูุจุง ุงููููุฑุฉ ููุทุงูุฉ ุจุณุนุฑ ูุฎูุถ', 'listing-005', 22000, 16500, 25, 6, 2, 0, NOW() - INTERVAL '1 hour', NOW() + INTERVAL '8 hours', 'ACTIVE', NOW(), NOW())
ON CONFLICT (id) DO NOTHING;

-- ============================================
-- 8. ุฅูุดุงุก ููุงุท ุงูุชุจุงุฏู ุงูุขููุฉ
-- Create Exchange Points
-- ============================================

INSERT INTO exchange_points (id, name, name_en, description, address, governorate, city, latitude, longitude, safety_rating, amenities, is_active, is_verified, total_meetups, created_at, updated_at)
VALUES
  ('ep-001', 'ููู ุณูุชู ุณุชุงุฑุฒ - ุงูุจูุงุจุฉ ุงูุฑุฆูุณูุฉ', 'City Stars Mall - Main Gate', 'ููุทุฉ ุชุจุงุฏู ุขููุฉ ุนูุฏ ุงูุจูุงุจุฉ ุงูุฑุฆูุณูุฉ ูููู ุณูุชู ุณุชุงุฑุฒุ ูุงููุฑุงุช ูุฑุงูุจุฉ 24/7 ูุฃูู ูุณุชูุฑ', 'ุดุงุฑุน ุนูุฑ ุจู ุงูุฎุทุงุจุ ูุฏููุฉ ูุตุฑ', 'ุงููุงูุฑุฉ', 'ูุฏููุฉ ูุตุฑ', 30.0733, 31.3456, 5, ARRAY['ููุงูู ุณูุงุฑุงุช', 'ูุงููุฑุงุช ูุฑุงูุจุฉ', 'ุฃูู 24 ุณุงุนุฉ', 'ูุทุงุนู ูุฑูุจุฉ', 'ูุชุฑู ูุฑูุจ'], true, true, 234, NOW(), NOW()),
  ('ep-002', 'ูุงุฑููุฑ ุงููุนุงุฏู - ููุทูุฉ ุงูุงุณุชูุงู', 'Carrefour Maadi - Pickup Area', 'ููุทูุฉ ุงูุงุณุชูุงู ูู ูุงุฑููุฑ ุงููุนุงุฏูุ ููุงู ูุงุณุน ููุถุงุก ุฌูุฏุงู ูุน ุฃูู', 'ุดุงุฑุน 9ุ ุงููุนุงุฏู', 'ุงููุงูุฑุฉ', 'ุงููุนุงุฏู', 29.9602, 31.2569, 5, ARRAY['ููุงูู ุณูุงุฑุงุช ูุฌุงููุฉ', 'ูุงููุฑุงุช ูุฑุงูุจุฉ', 'ุฃูู', 'ูุงูููุงุช'], true, true, 189, NOW(), NOW()),
  ('ep-003', 'ุณุงู ุณุชููุงูู ููู - ุงูุทุงุจู ุงูุฃุฑุถู', 'San Stefano Mall - Ground Floor', 'ููุทุฉ ุชุจุงุฏู ูู ุณุงู ุณุชููุงููุ ุจุฌูุงุฑ ูุฏุฎู ุงูุณูููุง - ููุงู ูุฒุฏุญู ูุขูู', 'ุทุฑูู ุงูููุฑููุดุ ุณุงู ุณุชููุงูู', 'ุงูุฅุณููุฏุฑูุฉ', 'ุณุงู ุณุชููุงูู', 31.2437, 29.9673, 5, ARRAY['ููุงูู ุณูุงุฑุงุช', 'ุฃูู', 'ูุงูููุงุช', 'ุณูููุง'], true, true, 156, NOW(), NOW()),
  ('ep-004', 'ุฏุงูุฏู ููู - ุงููุฏุฎู ุงูุดูุงูู', 'Dandy Mall - North Entrance', 'ููุทุฉ ุชุจุงุฏู ุขููุฉ ูู ุฏุงูุฏู ููู 6 ุฃูุชูุจุฑุ ููุทูุฉ ุฑุงููุฉ ูุขููุฉ', '6 ุฃูุชูุจุฑุ ุงูุญู ุงููุชููุฒ', 'ุงูุฌูุฒุฉ', '6 ุฃูุชูุจุฑ', 29.9792, 30.9347, 4, ARRAY['ููุงูู ุณูุงุฑุงุช', 'ุฃูู', 'ูุทุงุนู'], true, true, 145, NOW(), NOW()),
  ('ep-005', 'ูุญุทุฉ ูุชุฑู ุงูุณุงุฏุงุช', 'Sadat Metro Station', 'ุนูุฏ ูุฎุฑุฌ ุงูุชุญุฑูุฑุ ููุงู ุนุงู ููุฒุฏุญู ูุขูู - ููุจ ุงููุงูุฑุฉ', 'ููุฏุงู ุงูุชุญุฑูุฑุ ูุณุท ุงูุจูุฏ', 'ุงููุงูุฑุฉ', 'ูุณุท ุงูุจูุฏ', 30.0444, 31.2357, 4, ARRAY['ูุชุฑู', 'ููุงู ุนุงู', 'ูุงููุฑุงุช', 'ุดุฑุทุฉ ูุฑูุจุฉ'], true, true, 312, NOW(), NOW()),
  ('ep-006', 'ููู ุงูุนุฑุจ - ุงูุจูุงุจุฉ 3', 'Mall of Arabia - Gate 3', 'ุฃูุจุฑ ููู ูู 6 ุฃูุชูุจุฑุ ููุทูุฉ ุขููุฉ ูููุธูุฉ', 'ุทุฑูู ุงููุงุญุงุชุ 6 ุฃูุชูุจุฑ', 'ุงูุฌูุฒุฉ', '6 ุฃูุชูุจุฑ', 29.9725, 30.9428, 5, ARRAY['ููุงูู ุณูุงุฑุงุช ุถุฎูุฉ', 'ุฃูู 24 ุณุงุนุฉ', 'ูุทุงุนู', 'ุณูููุง'], true, true, 278, NOW(), NOW())
ON CONFLICT (id) DO NOTHING;

-- ============================================
-- 9. ุฅูุดุงุก ุงููุญุงูุธ
-- Create Wallets
-- ============================================

INSERT INTO wallets (id, user_id, balance, frozen_balance, lifetime_earned, lifetime_spent, created_at, updated_at)
SELECT
  'wallet-' || SUBSTRING(id FROM 11),
  id,
  FLOOR(RANDOM() * 5000 + 500)::numeric,
  FLOOR(RANDOM() * 200)::numeric,
  FLOOR(RANDOM() * 8000 + 1000)::numeric,
  FLOOR(RANDOM() * 2000)::numeric,
  NOW(),
  NOW()
FROM users
WHERE email LIKE '%@demo.xchange.eg'
ON CONFLICT (user_id) DO NOTHING;

-- ============================================
-- 10. ุฅูุดุงุก ูุนุงููุงุช ุงููุญูุธุฉ
-- Create Wallet Transactions
-- ============================================

INSERT INTO wallet_transactions (id, wallet_id, type, amount, balance_after, description, created_at)
SELECT
  gen_random_uuid()::text,
  w.id,
  'REWARD_SIGNUP',
  100,
  w.balance,
  'ููุงูุฃุฉ ุงูุชุณุฌูู ูู ุงูููุตุฉ',
  NOW() - INTERVAL '30 days'
FROM wallets w
WHERE w.id LIKE 'wallet-%';

INSERT INTO wallet_transactions (id, wallet_id, type, amount, balance_after, description, created_at)
SELECT
  gen_random_uuid()::text,
  w.id,
  'REWARD_FIRST_DEAL',
  250,
  w.balance,
  'ููุงูุฃุฉ ุฅุชูุงู ุฃูู ุตููุฉ',
  NOW() - INTERVAL '25 days'
FROM wallets w
WHERE w.id LIKE 'wallet-%';

INSERT INTO wallet_transactions (id, wallet_id, type, amount, balance_after, description, created_at)
SELECT
  gen_random_uuid()::text,
  w.id,
  'REWARD_REVIEW',
  50,
  w.balance,
  'ููุงูุฃุฉ ูุชุงุจุฉ ุชูููู',
  NOW() - INTERVAL '10 days'
FROM wallets w
WHERE w.id LIKE 'wallet-%';

-- ============================================
-- 11. ุฅูุดุงุก ุชุงุฌุฑ ุงูุชูุงูู ุงููุนุชูุฏ
-- Create Verified Scrap Dealer
-- ============================================

INSERT INTO scrap_dealer_verifications (id, user_id, dealer_type, business_name, governorate, city, address, specializations, accepted_metals, offers_pickup, pickup_radius_km, pickup_fee, min_weight_kg, status, is_verified, verified_at, rating, total_reviews, total_transactions, total_weight_bought_kg, created_at, updated_at)
VALUES
  ('dealer-001', 'demo-user-007', 'SCRAP_DEALER', 'ููุณู ูุชุฌุงุฑุฉ ุงูุฎุฑุฏุฉ ูุงููุนุงุฏู', 'ุงูุฌูุฒุฉ', 'ุงูุดูุฎ ุฒุงูุฏ', 'ุงูููุทูุฉ ุงูุตูุงุนูุฉุ ุงูุดูุฎ ุฒุงูุฏ', ARRAY['METAL_SCRAP', 'CABLES_WIRES', 'HOME_APPLIANCES', 'CAR_PARTS', 'BATTERIES']::scrap_type[], ARRAY['COPPER', 'ALUMINUM', 'IRON', 'STEEL', 'BRASS', 'LEAD']::metal_type[], true, 50, 100, 10, 'APPROVED', true, NOW(), 4.7, 156, 234, 12500, NOW(), NOW())
ON CONFLICT (user_id) DO NOTHING;

-- ============================================
-- 12. ุฅูุดุงุก ุฃุณุนุงุฑ ุงููุนุงุฏู
-- Create Metal Prices
-- ============================================

INSERT INTO metal_prices (id, metal_type, price_per_kg, currency, source, date, created_at)
VALUES
  (gen_random_uuid()::text, 'COPPER', 280, 'EGP', 'ุณูู ุงูุฎุฑุฏุฉ ุงููุตุฑู', CURRENT_DATE, NOW()),
  (gen_random_uuid()::text, 'ALUMINUM', 85, 'EGP', 'ุณูู ุงูุฎุฑุฏุฉ ุงููุตุฑู', CURRENT_DATE, NOW()),
  (gen_random_uuid()::text, 'IRON', 12, 'EGP', 'ุณูู ุงูุฎุฑุฏุฉ ุงููุตุฑู', CURRENT_DATE, NOW()),
  (gen_random_uuid()::text, 'STEEL', 15, 'EGP', 'ุณูู ุงูุฎุฑุฏุฉ ุงููุตุฑู', CURRENT_DATE, NOW()),
  (gen_random_uuid()::text, 'BRASS', 190, 'EGP', 'ุณูู ุงูุฎุฑุฏุฉ ุงููุตุฑู', CURRENT_DATE, NOW()),
  (gen_random_uuid()::text, 'BRONZE', 210, 'EGP', 'ุณูู ุงูุฎุฑุฏุฉ ุงููุตุฑู', CURRENT_DATE, NOW()),
  (gen_random_uuid()::text, 'LEAD', 48, 'EGP', 'ุณูู ุงูุฎุฑุฏุฉ ุงููุตุฑู', CURRENT_DATE, NOW()),
  (gen_random_uuid()::text, 'STAINLESS_STEEL', 38, 'EGP', 'ุณูู ุงูุฎุฑุฏุฉ ุงููุตุฑู', CURRENT_DATE, NOW())
ON CONFLICT DO NOTHING;

-- ============================================
-- 13. ุฅูุดุงุก ุงููุณูุท ุงููุนุชูุฏ
-- Create Verified Facilitator
-- ============================================

INSERT INTO facilitators (id, user_id, display_name, bio, specializations, governorates, commission_rate, is_verified, verification_date, status, rating, total_deals, successful_deals, total_value_facilitated, created_at, updated_at)
VALUES
  ('facilitator-001', 'demo-user-009', 'ุฎุงูุฏ ููุตูุฑ - ูุณูุท ูุนุชูุฏ', 'ูุณูุท ูุนุชูุฏ ูู ููุตุฉ Xchangeุ ุฎุจุฑุฉ 5 ุณููุงุช ูู ุงูููุงูุถุงุช ุงููุจูุฑุฉ ูุงูุนูุงุฑุงุช ูุงูุณูุงุฑุงุช. ุถูุงู ูุฌุงุญ ุงูุตููุฉ ุฃู ุงุณุชุฑุฏุงุฏ ุงูุนูููุฉ.', ARRAY['ุงูุณูุงุฑุงุช', 'ุงูุนูุงุฑุงุช', 'ุงูุฅููุชุฑูููุงุช', 'ุงูุฃุซุงุซ'], ARRAY['ุงููุงูุฑุฉ', 'ุงูุฌูุฒุฉ', 'ุงูุฅุณููุฏุฑูุฉ', 'ุจูุฑุณุนูุฏ', 'ุงูุฏููููุฉ'], 2.5, true, NOW(), 'ACTIVE', 4.85, 87, 82, 2500000, NOW(), NOW())
ON CONFLICT (user_id) DO NOTHING;

-- ============================================
-- 14. ุฅูุดุงุก ุตูุฏูู ููุงูุถุฉ
-- Create Barter Pool
-- ============================================

INSERT INTO barter_pools (id, name, description, category_id, min_participants, max_participants, status, total_value, participants_count, governorate, created_at, updated_at)
VALUES
  ('pool-001', 'ุตูุฏูู ููุงูุถุฉ ุงูุฅููุชุฑูููุงุช', 'ุตูุฏูู ูุชุจุงุฏู ุงูุฃุฌูุฒุฉ ุงูุฅููุชุฑูููุฉ ูุงูููุงุชู ุงูุฐููุฉ. ุงูุถู ุงูุขู ูุจุงุฏู ุฌูุงุฒู ุงููุฏูู ุจุขุฎุฑ ุฌุฏูุฏ!', 'cat-electronics', 3, 20, 'ACTIVE', 150000, 5, 'ุงููุงูุฑุฉ', NOW(), NOW()),
  ('pool-002', 'ุตูุฏูู ููุงูุถุฉ ุงูุฃุซุงุซ ุงูููุฒูู', 'ุตูุฏูู ูุชุฎุตุต ูู ุชุจุงุฏู ุงูุฃุซุงุซ ุงูููุฒูู. ุบููุฑ ุฏูููุฑ ููุฒูู ุจุฏูู ุฏูุน ูุฑู ูุจูุฑ!', 'cat-furniture', 3, 15, 'ACTIVE', 200000, 4, 'ุงูุฌูุฒุฉ', NOW(), NOW())
ON CONFLICT (id) DO NOTHING;

-- ============================================
-- 15. ุฅูุดุงุก ุงูุชููููุงุช
-- Create Reviews
-- ============================================

INSERT INTO reviews (id, reviewer_id, reviewed_id, rating, comment, is_verified_purchase, created_at, updated_at)
VALUES
  (gen_random_uuid()::text, 'demo-user-002', 'demo-user-001', 5, 'ุชุฌุฑุจุฉ ููุชุงุฒุฉ ูุน ุฃุญูุฏ! ุงูููุชุฌ ูุทุงุจู ูููุตู ุชูุงูุงู ูุงูุชุณููู ูุงู ูู ุงูููุนุฏ. ุฃูุตุญ ุจุงูุชุนุงูู ูุนู ุจุดุฏุฉ.', true, NOW() - INTERVAL '20 days', NOW()),
  (gen_random_uuid()::text, 'demo-user-003', 'demo-user-001', 5, 'ุจุงุฆุน ูุญุชุฑู ูุฃููู. ุงููุงุชู ูุงู ุจุญุงูุฉ ููุชุงุฒุฉ ููุง ูุตูู. ุดูุฑุงู ุฃุญูุฏ!', true, NOW() - INTERVAL '15 days', NOW()),
  (gen_random_uuid()::text, 'demo-user-001', 'demo-user-003', 5, 'ุนูุฑ ุดุฎุต ูุญุชุฑู ุฌุฏุงูุ ุงูุณูุงุฑุฉ ูุงูุช ูุงุจุฑููุง ููุง ูุงู. ุตููุฉ ูุงุฌุญุฉ 100%', true, NOW() - INTERVAL '10 days', NOW()),
  (gen_random_uuid()::text, 'demo-user-004', 'demo-user-005', 5, 'ูุญูุฏ ุฎุจูุฑ ุญูููู ูู ุงูุณุงุนุงุช ุงููุงุฎุฑุฉ. ุงูุฑูููุณ ุฃุตููุฉ 100% ูุน ูู ุงูุฃูุฑุงู. ุณุนุฑ ุนุงุฏู ุฌุฏุงู.', true, NOW() - INTERVAL '8 days', NOW()),
  (gen_random_uuid()::text, 'demo-user-006', 'demo-user-002', 4, 'ุณุงุฑุฉ ูุทููุฉ ุฌุฏุงู ูุงูุฃุซุงุซ ูุงู ุจุญุงูุฉ ุฌูุฏุฉ. ุงูุชูุงุตู ูุงู ุณูู ูุณุฑูุน.', true, NOW() - INTERVAL '5 days', NOW()),
  (gen_random_uuid()::text, 'demo-user-008', 'demo-user-007', 5, 'ููุณู ุชุงุฌุฑ ุฃููู ููุญุชุฑู. ุฃุณุนุงุฑู ุนุงุฏูุฉ ููููุฑ ุฎุฏูุฉ ุงูุชูุตูู. ุฃูุถู ุชุงุฌุฑ ุฎุฑุฏุฉ ุชุนุงููุช ูุนู!', true, NOW() - INTERVAL '3 days', NOW()),
  (gen_random_uuid()::text, 'demo-user-001', 'demo-user-009', 5, 'ุฎุงูุฏ ูุณูุท ููุชุงุฒ! ุณุงุนุฏูู ูู ุฅุชูุงู ุตููุฉ ุณูุงุฑุฉ ุจูููุฉ 500,000 ุฌููู ุจูู ุณูุงุณุฉ. ูุญุชุฑู ููุณุชุญู ุงูุนูููุฉ.', true, NOW() - INTERVAL '2 days', NOW()),
  (gen_random_uuid()::text, 'demo-user-005', 'demo-user-010', 5, 'ุจุงุฒุงุฑ ูููู ููุงู ุฑุงุฆุน ููุชุญู! ูููู ุตุงุฏูุฉ ุฌุฏุงู ูู ูุตู ุงูููุชุฌุงุช. ุฃูุตุญ ุจุฒูุงุฑุฉ ูุญููุง ูู ุงูุฃูุตุฑ.', true, NOW() - INTERVAL '1 day', NOW())
ON CONFLICT DO NOTHING;

-- ============================================
-- 16. ุชุญุฏูุซ ุฅุญุตุงุฆูุงุช ุงููุณุชุฎุฏููู
-- Update User Statistics
-- ============================================

UPDATE users u
SET
  rating = COALESCE((
    SELECT AVG(rating)::numeric(3,2)
    FROM reviews
    WHERE reviewed_id = u.id
  ), u.rating),
  total_reviews = (
    SELECT COUNT(*)
    FROM reviews
    WHERE reviewed_id = u.id
  )
WHERE email LIKE '%@demo.xchange.eg';

-- ============================================
-- ุชู ุจูุฌุงุญ! โ
-- Success!
-- ============================================

SELECT
  'โ ุชู ุฅูุดุงุก ุจูุงูุงุช ุงูุนุฑุถ ุงูุชูุถูุญู ุจูุฌุงุญ!' as message,
  (SELECT COUNT(*) FROM users WHERE email LIKE '%@demo.xchange.eg') as users_created,
  (SELECT COUNT(*) FROM items WHERE seller_id LIKE 'demo-user-%') as items_created,
  (SELECT COUNT(*) FROM flash_deals WHERE id LIKE 'flash-%') as flash_deals_created,
  (SELECT COUNT(*) FROM exchange_points WHERE id LIKE 'ep-%') as exchange_points_created,
  (SELECT COUNT(*) FROM wallets WHERE id LIKE 'wallet-%') as wallets_created;
