-- =====================================================
-- Comprehensive Seed Data for Mobile Marketplace
-- ุจูุงูุงุช ุงุฎุชุจุงุฑูุฉ ุดุงููุฉ ูุณูู ุงูููุจุงููุงุช
-- XChange Egypt - ุฃูุถู ุณูู ููุจุงููุงุช ูู ูุตุฑ
-- Run this AFTER running mobiles_create_tables.sql
-- =====================================================

-- Note: Using existing test users from cars/properties seed
-- Test Users IDs: user_test_1, user_test_2, user_test_3, user_test_4, user_test_5, user_admin

-- =====================================================
-- Mobile Price References (ุฃุณุนุงุฑ ูุฑุฌุนูุฉ ููููุจุงููุงุช)
-- =====================================================
INSERT INTO mobile_price_references (id, brand, model, storage_gb, release_year, price_low, price_average, price_high, condition_a_multiplier, condition_b_multiplier, condition_c_multiplier, condition_d_multiplier, data_source, sample_size, recorded_at)
VALUES
  -- Apple iPhone (ุฃุณุนุงุฑ ุขูููู)
  ('price_iphone_15_pro_max_256', 'APPLE', 'iPhone 15 Pro Max', 256, 2023, 65000, 73000, 78000, 1.0, 0.88, 0.75, 0.55, 'MARKET_ANALYSIS', 150, NOW()),
  ('price_iphone_15_pro_256', 'APPLE', 'iPhone 15 Pro', 256, 2023, 55000, 62000, 68000, 1.0, 0.88, 0.75, 0.55, 'MARKET_ANALYSIS', 180, NOW()),
  ('price_iphone_15_256', 'APPLE', 'iPhone 15', 256, 2023, 40000, 45000, 50000, 1.0, 0.88, 0.75, 0.55, 'MARKET_ANALYSIS', 200, NOW()),
  ('price_iphone_15_128', 'APPLE', 'iPhone 15', 128, 2023, 36000, 40000, 45000, 1.0, 0.88, 0.75, 0.55, 'MARKET_ANALYSIS', 250, NOW()),
  ('price_iphone_14_pro_max_256', 'APPLE', 'iPhone 14 Pro Max', 256, 2022, 45000, 52000, 58000, 1.0, 0.85, 0.72, 0.52, 'MARKET_ANALYSIS', 180, NOW()),
  ('price_iphone_14_pro_128', 'APPLE', 'iPhone 14 Pro', 128, 2022, 38000, 42000, 48000, 1.0, 0.85, 0.72, 0.52, 'MARKET_ANALYSIS', 200, NOW()),
  ('price_iphone_14_128', 'APPLE', 'iPhone 14', 128, 2022, 28000, 32000, 37000, 1.0, 0.85, 0.72, 0.52, 'MARKET_ANALYSIS', 220, NOW()),
  ('price_iphone_13_pro_256', 'APPLE', 'iPhone 13 Pro', 256, 2021, 30000, 35000, 40000, 1.0, 0.85, 0.70, 0.50, 'MARKET_ANALYSIS', 180, NOW()),
  ('price_iphone_13_128', 'APPLE', 'iPhone 13', 128, 2021, 22000, 26000, 30000, 1.0, 0.85, 0.70, 0.50, 'MARKET_ANALYSIS', 300, NOW()),
  ('price_iphone_12_128', 'APPLE', 'iPhone 12', 128, 2020, 15000, 18000, 22000, 1.0, 0.82, 0.68, 0.48, 'MARKET_ANALYSIS', 250, NOW()),
  ('price_iphone_11_128', 'APPLE', 'iPhone 11', 128, 2019, 11000, 13500, 16000, 1.0, 0.80, 0.65, 0.45, 'MARKET_ANALYSIS', 300, NOW()),

  -- Samsung Galaxy (ุฃุณุนุงุฑ ุณุงูุณููุฌ)
  ('price_s24_ultra_256', 'SAMSUNG', 'Galaxy S24 Ultra', 256, 2024, 58000, 65000, 72000, 1.0, 0.88, 0.75, 0.55, 'MARKET_ANALYSIS', 120, NOW()),
  ('price_s24_plus_256', 'SAMSUNG', 'Galaxy S24+', 256, 2024, 42000, 48000, 54000, 1.0, 0.88, 0.75, 0.55, 'MARKET_ANALYSIS', 150, NOW()),
  ('price_s24_256', 'SAMSUNG', 'Galaxy S24', 256, 2024, 34000, 38000, 43000, 1.0, 0.88, 0.75, 0.55, 'MARKET_ANALYSIS', 180, NOW()),
  ('price_s23_ultra_256', 'SAMSUNG', 'Galaxy S23 Ultra', 256, 2023, 42000, 48000, 55000, 1.0, 0.85, 0.72, 0.52, 'MARKET_ANALYSIS', 200, NOW()),
  ('price_s23_128', 'SAMSUNG', 'Galaxy S23', 128, 2023, 25000, 28000, 33000, 1.0, 0.85, 0.72, 0.52, 'MARKET_ANALYSIS', 250, NOW()),
  ('price_s22_ultra_256', 'SAMSUNG', 'Galaxy S22 Ultra', 256, 2022, 32000, 35000, 40000, 1.0, 0.85, 0.70, 0.50, 'MARKET_ANALYSIS', 180, NOW()),
  ('price_a54_256', 'SAMSUNG', 'Galaxy A54', 256, 2023, 12000, 14000, 17000, 1.0, 0.85, 0.72, 0.52, 'MARKET_ANALYSIS', 300, NOW()),
  ('price_a34_128', 'SAMSUNG', 'Galaxy A34', 128, 2023, 8500, 10000, 13000, 1.0, 0.85, 0.72, 0.52, 'MARKET_ANALYSIS', 350, NOW()),
  ('price_fold5_256', 'SAMSUNG', 'Galaxy Z Fold5', 256, 2023, 68000, 75000, 85000, 1.0, 0.88, 0.75, 0.55, 'MARKET_ANALYSIS', 50, NOW()),
  ('price_flip5_256', 'SAMSUNG', 'Galaxy Z Flip5', 256, 2023, 38000, 42000, 48000, 1.0, 0.88, 0.75, 0.55, 'MARKET_ANALYSIS', 80, NOW()),

  -- Xiaomi (ุฃุณุนุงุฑ ุดุงููู)
  ('price_xiaomi_14_ultra_512', 'XIAOMI', 'Xiaomi 14 Ultra', 512, 2024, 50000, 55000, 62000, 1.0, 0.88, 0.75, 0.55, 'MARKET_ANALYSIS', 60, NOW()),
  ('price_xiaomi_14_pro_256', 'XIAOMI', 'Xiaomi 14 Pro', 256, 2024, 35000, 38000, 44000, 1.0, 0.88, 0.75, 0.55, 'MARKET_ANALYSIS', 80, NOW()),
  ('price_xiaomi_13_256', 'XIAOMI', 'Xiaomi 13', 256, 2023, 22000, 25000, 30000, 1.0, 0.85, 0.72, 0.52, 'MARKET_ANALYSIS', 120, NOW()),
  ('price_redmi_note_13_pro_256', 'XIAOMI', 'Redmi Note 13 Pro+', 256, 2024, 13000, 15000, 18000, 1.0, 0.88, 0.75, 0.55, 'MARKET_ANALYSIS', 200, NOW()),
  ('price_redmi_note_13_128', 'XIAOMI', 'Redmi Note 13', 128, 2024, 7000, 8500, 10000, 1.0, 0.88, 0.75, 0.55, 'MARKET_ANALYSIS', 350, NOW()),
  ('price_poco_x6_pro_256', 'XIAOMI', 'POCO X6 Pro', 256, 2024, 12000, 14000, 17000, 1.0, 0.88, 0.75, 0.55, 'MARKET_ANALYSIS', 150, NOW()),

  -- OPPO (ุฃุณุนุงุฑ ุฃูุจู)
  ('price_oppo_find_x7_ultra_512', 'OPPO', 'Find X7 Ultra', 512, 2024, 45000, 50000, 58000, 1.0, 0.88, 0.75, 0.55, 'MARKET_ANALYSIS', 40, NOW()),
  ('price_oppo_reno_11_pro_256', 'OPPO', 'Reno 11 Pro', 256, 2024, 22000, 25000, 30000, 1.0, 0.88, 0.75, 0.55, 'MARKET_ANALYSIS', 100, NOW()),
  ('price_oppo_reno_11_256', 'OPPO', 'Reno 11', 256, 2024, 16000, 18000, 22000, 1.0, 0.88, 0.75, 0.55, 'MARKET_ANALYSIS', 150, NOW()),

  -- Vivo (ุฃุณุนุงุฑ ูููู)
  ('price_vivo_x100_pro_256', 'VIVO', 'X100 Pro', 256, 2024, 38000, 42000, 48000, 1.0, 0.88, 0.75, 0.55, 'MARKET_ANALYSIS', 50, NOW()),
  ('price_vivo_v30_pro_256', 'VIVO', 'V30 Pro', 256, 2024, 20000, 22000, 27000, 1.0, 0.88, 0.75, 0.55, 'MARKET_ANALYSIS', 80, NOW()),

  -- Realme (ุฃุณุนุงุฑ ุฑูููู)
  ('price_realme_gt5_pro_256', 'REALME', 'GT5 Pro', 256, 2024, 25000, 28000, 33000, 1.0, 0.88, 0.75, 0.55, 'MARKET_ANALYSIS', 60, NOW()),
  ('price_realme_12_pro_plus_256', 'REALME', '12 Pro+', 256, 2024, 16000, 18000, 22000, 1.0, 0.88, 0.75, 0.55, 'MARKET_ANALYSIS', 100, NOW()),

  -- Honor (ุฃุณุนุงุฑ ูููุฑ)
  ('price_honor_magic6_pro_512', 'HONOR', 'Magic6 Pro', 512, 2024, 42000, 45000, 50000, 1.0, 0.88, 0.75, 0.55, 'MARKET_ANALYSIS', 40, NOW()),

  -- Google Pixel (ุฃุณุนุงุฑ ุฌูุฌู ุจููุณู)
  ('price_pixel_8_pro_256', 'GOOGLE', 'Pixel 8 Pro', 256, 2023, 38000, 42000, 48000, 1.0, 0.88, 0.75, 0.55, 'MARKET_ANALYSIS', 40, NOW()),
  ('price_pixel_8_128', 'GOOGLE', 'Pixel 8', 128, 2023, 28000, 32000, 37000, 1.0, 0.88, 0.75, 0.55, 'MARKET_ANALYSIS', 60, NOW()),

  -- OnePlus (ุฃุณุนุงุฑ ูู ุจูุณ)
  ('price_oneplus_12_256', 'ONEPLUS', 'OnePlus 12', 256, 2024, 38000, 42000, 48000, 1.0, 0.88, 0.75, 0.55, 'MARKET_ANALYSIS', 60, NOW()),
  ('price_oneplus_nord_3_256', 'ONEPLUS', 'Nord 3', 256, 2023, 16000, 18000, 22000, 1.0, 0.85, 0.72, 0.52, 'MARKET_ANALYSIS', 100, NOW()),

  -- Infinix (ุฃุณุนุงุฑ ุงูููููุณ)
  ('price_infinix_note_40_pro_256', 'INFINIX', 'Note 40 Pro', 256, 2024, 10000, 12000, 15000, 1.0, 0.88, 0.75, 0.55, 'MARKET_ANALYSIS', 200, NOW()),
  ('price_infinix_hot_40_pro_256', 'INFINIX', 'Hot 40 Pro', 256, 2024, 6000, 7500, 9000, 1.0, 0.88, 0.75, 0.55, 'MARKET_ANALYSIS', 350, NOW()),

  -- Tecno (ุฃุณุนุงุฑ ุชููู)
  ('price_tecno_camon_30_pro_256', 'TECNO', 'Camon 30 Pro', 256, 2024, 11000, 13000, 16000, 1.0, 0.88, 0.75, 0.55, 'MARKET_ANALYSIS', 150, NOW()),
  ('price_tecno_spark_20_pro_256', 'TECNO', 'Spark 20 Pro', 256, 2024, 5000, 6500, 8000, 1.0, 0.88, 0.75, 0.55, 'MARKET_ANALYSIS', 400, NOW())
ON CONFLICT (brand, model, storage_gb) DO UPDATE SET
  price_low = EXCLUDED.price_low,
  price_average = EXCLUDED.price_average,
  price_high = EXCLUDED.price_high,
  recorded_at = NOW();

-- =====================================================
-- Mobile Listings (ุฅุนูุงูุงุช ุงูููุจุงููุงุช)
-- =====================================================
INSERT INTO mobile_listings (id, seller_id, title, description, brand, model, storage_gb, ram_gb, color, imei, imei_verified, imei_status, ntra_registered, condition_grade, battery_health, screen_condition, body_condition, original_parts, has_box, has_accessories, accessories_details, price_egp, original_price, negotiable, accepts_barter, barter_preferences, images, governorate, city, district, status, featured, promotion_tier, views_count, favorites_count, inquiries_count, warranty_months, created_at, expires_at)
VALUES
  -- iPhone Listings (ุฅุนูุงูุงุช ุขูููู)
  ('mobile_1', 'user_test_1', 'iPhone 15 Pro Max 256GB - ุชูุชุงูููู ุทุจูุนู - ูุงูุฌุฏูุฏ', 'ุขูููู 15 ุจุฑู ูุงูุณ ุจุญุงูุฉ ููุชุงุฒุฉ ุฌุฏุงู - ุงุณุชุฎุฏุงู ุดูุฑูู ููุท. ุงูุจุทุงุฑูุฉ 100% ูุงูุดุงุดุฉ ุจุฏูู ุฃู ุฎุฏุด.', 'APPLE', 'iPhone 15 Pro Max', 256, 8, 'ุชูุชุงูููู ุทุจูุนู', '353456789012345', true, 'CLEAN', true, 'A', 100, 'PERFECT', 'LIKE_NEW', true, true, true, 'ุงูุดุงุญู ุงูุฃุตููุ ุงููุงุจู ุงูุฃุตููุ ุงูุนูุจุฉ ุงูุฃุตููุฉ', 73000, 85000, true, true, '{"wanted_brands": ["SAMSUNG", "APPLE"], "min_value_percent": 80, "max_cash_to_pay": 15000}', '["/mobiles/iphone15promax-natural-1.jpg", "/mobiles/iphone15promax-natural-2.jpg"]', 'ุงููุงูุฑุฉ', 'ูุฏููุฉ ูุตุฑ', 'ุนุจุงุณ ุงูุนูุงุฏ', 'ACTIVE', false, 'BASIC', 450, 35, 12, 10, NOW() - INTERVAL '5 days', NOW() + INTERVAL '25 days'),

  ('mobile_2', 'user_test_2', 'iPhone 14 Pro 256GB Deep Purple - ุถูุงู ุณุงุฑู', 'ุขูููู 14 ุจุฑู ุจุงูููู ุงูุจููุณุฌู ุงูุบุงูู. ุงูุฌูุงุฒ ุจุญุงูุฉ ููุชุงุฒุฉ ูุน ุถูุงู ุฃุจู ุณุงุฑู.', 'APPLE', 'iPhone 14 Pro', 256, 6, 'ุจููุณุฌู ุบุงูู', '357890123456789', true, 'CLEAN', true, 'A', 92, 'PERFECT', 'LIKE_NEW', true, true, true, 'ุงูุดุงุญู ุงูุฃุตููุ ุงููุงุจูุ ูุงูู ุดุงุดุฉ', 48000, 55000, true, true, '{"wanted_brands": ["APPLE", "SAMSUNG"], "min_value_percent": 75}', '["/mobiles/iphone14pro-purple-1.jpg", "/mobiles/iphone14pro-purple-2.jpg"]', 'ุงูุฅุณููุฏุฑูุฉ', 'ุณููุญุฉ', 'ุดุงุฑุน ููุฒู ูุนุงุฐ', 'ACTIVE', false, 'BASIC', 380, 28, 8, 6, NOW() - INTERVAL '8 days', NOW() + INTERVAL '22 days'),

  ('mobile_3', 'user_test_3', 'iPhone 13 128GB Midnight - ุณุนุฑ ูููุฒ', 'ุขูููู 13 ุจุงูููู ุงูุฃุณูุฏ. ุฌูุงุฒ ูุธูู ูุจุญุงูุฉ ุฌูุฏุฉ ุฌุฏุงู.', 'APPLE', 'iPhone 13', 128, 4, 'ุฃุณูุฏ', '351234567890123', true, 'CLEAN', true, 'B', 85, 'MINOR_SCRATCHES', 'GOOD', true, false, false, NULL, 26000, 32000, true, true, '{"wanted_brands": ["APPLE", "SAMSUNG", "XIAOMI"], "min_value_percent": 70}', '["/mobiles/iphone13-black-1.jpg", "/mobiles/iphone13-black-2.jpg"]', 'ุงูุฌูุฒุฉ', 'ุงูุฏูู', 'ุดุงุฑุน ุงูุชุญุฑูุฑ', 'ACTIVE', false, 'BASIC', 520, 42, 15, NULL, NOW() - INTERVAL '3 days', NOW() + INTERVAL '27 days'),

  ('mobile_4', 'user_test_1', 'iPhone 12 Pro Max 256GB Pacific Blue', 'ุขูููู 12 ุจุฑู ูุงูุณ - ุงูุฌูุงุฒ ูุนูู ุจุดูู ููุชุงุฒ. ุงูุจุทุงุฑูุฉ ุชู ุชุบููุฑูุง ูู ูุฑูุฒ ูุนุชูุฏ.', 'APPLE', 'iPhone 12 Pro Max', 256, 6, 'ุฃุฒุฑู', '359876543210987', true, 'CLEAN', true, 'B', 100, 'PERFECT', 'GOOD', true, false, false, 'ุงููุงุจู ููุท', 22000, 28000, true, false, NULL, '["/mobiles/iphone12promax-blue-1.jpg"]', 'ุงููุงูุฑุฉ', 'ุงููุนุงุฏู', 'ุฏุฌูุฉ', 'ACTIVE', false, 'BASIC', 290, 18, 6, NULL, NOW() - INTERVAL '12 days', NOW() + INTERVAL '18 days'),

  -- Samsung Listings (ุฅุนูุงูุงุช ุณุงูุณููุฌ)
  ('mobile_5', 'user_test_4', 'Samsung Galaxy S24 Ultra 256GB - ุฃุณูุฏ - ุฌุฏูุฏ', 'ุณุงูุณููุฌ ุฌุงูุงูุณู S24 ุงูุชุฑุง - ุฌูุงุฒ ุฌุฏูุฏ ุจุงููุฑุชููุฉ. ุถูุงู ุณูุฉ ูุงููุฉ.', 'SAMSUNG', 'Galaxy S24 Ultra', 256, 12, 'ุฃุณูุฏ ูุงูุชูู', '354321098765432', true, 'CLEAN', true, 'A', 100, 'PERFECT', 'LIKE_NEW', true, true, true, 'ุงูุดุงุญู ุงูุฃุตูู 45Wุ ุงููุงุจูุ S Penุ ุงูุฌุฑุงุจ ุงูุฃุตูู', 70000, 75000, false, true, '{"wanted_brands": ["APPLE"], "min_value_percent": 85}', '["/mobiles/s24ultra-black-1.jpg", "/mobiles/s24ultra-black-2.jpg"]', 'ุงููุงูุฑุฉ', 'ุงูุชุฌูุน ุงูุฎุงูุณ', 'ุดุงุฑุน ุงูุชุณุนูู', 'ACTIVE', true, 'FEATURED', 680, 55, 20, 12, NOW() - INTERVAL '2 days', NOW() + INTERVAL '28 days'),

  ('mobile_6', 'user_test_2', 'Samsung Galaxy S23 Ultra 512GB - ุฃุฎุถุฑ', 'ุฌุงูุงูุณู S23 ุงูุชุฑุง ุจุณุนุฉ 512 ุฌูุฌุง. ุงูุฌูุงุฒ ุจุญุงูุฉ ููุชุงุฒุฉ ูุน ูู ุงูููุญูุงุช.', 'SAMSUNG', 'Galaxy S23 Ultra', 512, 12, 'ุฃุฎุถุฑ', '352109876543210', true, 'CLEAN', true, 'A', 95, 'PERFECT', 'LIKE_NEW', true, true, true, 'ุงูุดุงุญู ุงูุฃุตููุ S Penุ ุงูุนูุจุฉ', 52000, 60000, true, true, '{"wanted_brands": ["APPLE", "SAMSUNG"], "min_value_percent": 80}', '["/mobiles/s23ultra-green-1.jpg", "/mobiles/s23ultra-green-2.jpg"]', 'ุงูุฌูุฒุฉ', 'ุงููููุฏุณูู', 'ุดุงุฑุน ุงูุณูุฏุงู', 'ACTIVE', false, 'BASIC', 420, 32, 10, 8, NOW() - INTERVAL '6 days', NOW() + INTERVAL '24 days'),

  ('mobile_7', 'user_test_5', 'Samsung Galaxy Z Fold5 256GB - ูุฑููู', 'ุณุงูุณููุฌ ูููุฏ 5 - ุชุฌุฑุจุฉ ุงูุดุงุดุฉ ุงููุงุจูุฉ ููุทู. ุงูุฌูุงุฒ ุจุญุงูุฉ ููุชุงุฒุฉ.', 'SAMSUNG', 'Galaxy Z Fold5', 256, 12, 'ูุฑููู', '358765432109876', true, 'CLEAN', true, 'A', 93, 'PERFECT', 'LIKE_NEW', true, true, true, 'ุงูุดุงุญูุ S Pen Fold Editionุ ุงูุฌุฑุงุจ ุงูุฃุตูู', 78000, 90000, true, true, '{"wanted_brands": ["APPLE"], "min_value_percent": 90}', '["/mobiles/fold5-cream-1.jpg", "/mobiles/fold5-cream-2.jpg"]', 'ุงููุงูุฑุฉ', 'ูุตุฑ ุงูุฌุฏูุฏุฉ', 'ุดุงุฑุน ุงูููุฑุบูู', 'ACTIVE', false, 'BASIC', 350, 25, 8, 6, NOW() - INTERVAL '4 days', NOW() + INTERVAL '26 days'),

  ('mobile_8', 'user_test_3', 'Samsung Galaxy A54 256GB - ุฃุจูุถ', 'ุฌุงูุงูุณู A54 ุจุณุนุฑ ูููุฒ ุฌุฏุงู. ุฌูุงุฒ ุงูุชุตุงุฏู ุจููุงุตูุงุช ูููุฉ.', 'SAMSUNG', 'Galaxy A54', 256, 8, 'ุฃุจูุถ', '355432109876543', false, 'UNKNOWN', false, 'B', 88, 'MINOR_SCRATCHES', 'GOOD', true, false, false, 'ุดุงุญู ููุท', 14500, 18000, true, true, '{"wanted_brands": ["SAMSUNG", "XIAOMI", "OPPO"], "min_value_percent": 70}', '["/mobiles/a54-white-1.jpg"]', 'ุงูุฏููููุฉ', 'ุงูููุตูุฑุฉ', 'ุญู ุงูุฌุงูุนุฉ', 'ACTIVE', false, 'BASIC', 180, 15, 5, NULL, NOW() - INTERVAL '10 days', NOW() + INTERVAL '20 days'),

  -- Xiaomi Listings (ุฅุนูุงูุงุช ุดุงููู)
  ('mobile_9', 'user_test_1', 'Xiaomi 14 Ultra 512GB - ุฃุณูุฏ - ูุงููุฑุง Leica', 'ุดุงููู 14 ุงูุชุฑุง ูุน ูุงููุฑุง ูุงููุง ุงูุงุญุชุฑุงููุฉ. ุฃูุถู ูุงููุฑุง ููุจุงูู ูู ุงูุณูู.', 'XIAOMI', 'Xiaomi 14 Ultra', 512, 16, 'ุฃุณูุฏ', '351098765432109', true, 'CLEAN', false, 'A', 100, 'PERFECT', 'LIKE_NEW', true, true, true, 'ุงูุดุงุญู 90Wุ ุงูุฌุฑุงุจุ ูุงูู ุงููุงููุฑุง', 58000, 65000, true, true, '{"wanted_brands": ["APPLE", "SAMSUNG"], "min_value_percent": 85}', '["/mobiles/xiaomi14ultra-black-1.jpg", "/mobiles/xiaomi14ultra-black-2.jpg"]', 'ุงููุงูุฑุฉ', 'ุงูุดุฑูู', 'ุงูุญู ุงูุฃูู', 'ACTIVE', false, 'BASIC', 280, 22, 7, 11, NOW() - INTERVAL '3 days', NOW() + INTERVAL '27 days'),

  ('mobile_10', 'user_test_4', 'Redmi Note 13 Pro+ 256GB - ุจููุณุฌู', 'ุฑูุฏูู ููุช 13 ุจุฑู ุจูุณ ุจุดุงุดุฉ AMOLED ูุดุญู ุณุฑูุน 120W. ุณุนุฑ ูุง ููุงูู!', 'XIAOMI', 'Redmi Note 13 Pro+', 256, 12, 'ุจููุณุฌู', '356789012345670', false, 'UNKNOWN', false, 'A', 100, 'PERFECT', 'LIKE_NEW', true, true, true, 'ุงูุดุงุญู 120W ุงูุฃุตููุ ุงูุฌุฑุงุจุ ูุงูู ุดุงุดุฉ', 16000, 18000, false, true, '{"wanted_brands": ["XIAOMI", "REALME", "OPPO"], "min_value_percent": 75}', '["/mobiles/redminote13proplus-purple-1.jpg"]', 'ุงูุบุฑุจูุฉ', 'ุทูุทุง', 'ุดุงุฑุน ุณุนูุฏ', 'ACTIVE', false, 'BASIC', 420, 38, 12, 12, NOW() - INTERVAL '1 day', NOW() + INTERVAL '29 days'),

  ('mobile_11', 'user_test_2', 'POCO X6 Pro 256GB - ุฃุตูุฑ', 'ุจููู X6 ุจุฑู - ุฃุฏุงุก ุฎุงุฑู ุจุณุนุฑ ููุงูุณ. ูุซุงูู ููุฃูุนุงุจ.', 'XIAOMI', 'POCO X6 Pro', 256, 12, 'ุฃุตูุฑ', '356789012345678', true, 'CLEAN', true, 'B', 92, 'MINOR_SCRATCHES', 'GOOD', true, true, false, 'ุงูุดุงุญู ููุท', 14000, 17000, true, true, '{"wanted_brands": ["XIAOMI", "REALME"], "min_value_percent": 70}', '["/mobiles/pocox6pro-yellow-1.jpg"]', 'ุงููุงูุฑุฉ', '6 ุฃูุชูุจุฑ', 'ุงูุญู ุงูุซุงูู', 'ACTIVE', false, 'BASIC', 310, 25, 8, NULL, NOW() - INTERVAL '7 days', NOW() + INTERVAL '23 days'),

  -- OPPO Listings (ุฅุนูุงูุงุช ุฃูุจู)
  ('mobile_12', 'user_test_5', 'OPPO Find X7 Ultra 512GB - ุฃุณูุฏ', 'ุฃูุจู ูุงููุฏ X7 ุงูุชุฑุง - ูุงููุฑุง Hasselblad ูุน ุฃูุถู ุฒููู ูู ุงูุณูู.', 'OPPO', 'Find X7 Ultra', 512, 16, 'ุฃุณูุฏ', '353210987654321', true, 'CLEAN', true, 'A', 97, 'PERFECT', 'LIKE_NEW', true, true, true, 'ุงูุดุงุญู 100Wุ ุงูุฌุฑุงุจุ ุงูุนูุจุฉ', 54000, 62000, true, true, '{"wanted_brands": ["APPLE", "SAMSUNG"], "min_value_percent": 85}', '["/mobiles/findx7ultra-black-1.jpg", "/mobiles/findx7ultra-black-2.jpg"]', 'ุงููุงูุฑุฉ', 'ุงูุนุจูุฑ', 'ุงูุญู ุงูุฃูู', 'ACTIVE', false, 'BASIC', 180, 14, 5, 9, NOW() - INTERVAL '5 days', NOW() + INTERVAL '25 days'),

  ('mobile_13', 'user_test_3', 'OPPO Reno 11 Pro 256GB - ุฑูุงุฏู', 'ุฃูุจู ุฑููู 11 ุจุฑู ุจุชุตููู ุฃููู ููุงููุฑุง ุจูุฑุชุฑูู ุงุญุชุฑุงููุฉ.', 'OPPO', 'Reno 11 Pro', 256, 12, 'ุฑูุงุฏู', '354567890123456', false, 'UNKNOWN', false, 'A', 99, 'PERFECT', 'LIKE_NEW', true, true, true, 'ุงูุดุงุญู 80Wุ ุงูุฌุฑุงุจ ุงูุฃุตูู', 27000, 32000, true, false, NULL, '["/mobiles/reno11pro-gray-1.jpg"]', 'ุงูุฅุณููุฏุฑูุฉ', 'ุฌููู', 'ุดุงุฑุน ุฃุจู ููุฑ', 'ACTIVE', false, 'BASIC', 220, 18, 6, 11, NOW() - INTERVAL '4 days', NOW() + INTERVAL '26 days'),

  -- Vivo Listings (ุฅุนูุงูุงุช ูููู)
  ('mobile_14', 'user_test_4', 'Vivo X100 Pro 256GB - ุฃุฒุฑู', 'ูููู X100 ุจุฑู ุจูุนุงูุฌ Dimensity 9300 ููุงููุฑุง ZEISS.', 'VIVO', 'X100 Pro', 256, 16, 'ุฃุฒุฑู', '357654321098760', false, 'UNKNOWN', false, 'A', 100, 'PERFECT', 'LIKE_NEW', true, true, true, 'ุงูุดุงุญู 100Wุ ุงููุงุจูุ ุงูุฌุฑุงุจ', 45000, 50000, true, true, '{"wanted_brands": ["SAMSUNG", "XIAOMI"], "min_value_percent": 80}', '["/mobiles/vivox100pro-blue-1.jpg"]', 'ุงููุงูุฑุฉ', 'ุงููุนุงุฏู', 'ููุฑููุด ุงููุนุงุฏู', 'ACTIVE', false, 'BASIC', 150, 12, 4, 12, NOW() - INTERVAL '2 days', NOW() + INTERVAL '28 days'),

  -- Realme Listings (ุฅุนูุงูุงุช ุฑูููู)
  ('mobile_15', 'user_test_1', 'Realme GT5 Pro 256GB - ุฃุฎุถุฑ', 'ุฑูููู GT5 ุจุฑู ุจุฃุฏุงุก ูุงุฆู ููุนุงูุฌ Snapdragon 8 Gen 3.', 'REALME', 'GT5 Pro', 256, 16, 'ุฃุฎุถุฑ', '357654321098765', true, 'CLEAN', true, 'A', 96, 'PERFECT', 'LIKE_NEW', true, true, false, 'ุงูุดุงุญู 100W', 30000, 35000, true, true, '{"wanted_brands": ["XIAOMI", "ONEPLUS"], "min_value_percent": 75}', '["/mobiles/realmegt5pro-green-1.jpg"]', 'ุงูุฌูุฒุฉ', 'ุงูุดูุฎ ุฒุงูุฏ', 'ุงูุญู ุงูุฃูู', 'ACTIVE', false, 'BASIC', 195, 16, 5, NULL, NOW() - INTERVAL '6 days', NOW() + INTERVAL '24 days'),

  -- Honor Listings (ุฅุนูุงูุงุช ูููุฑ)
  ('mobile_16', 'user_test_2', 'Honor Magic6 Pro 512GB - ุฃุณูุฏ', 'ูููุฑ ูุงุฌูู 6 ุจุฑู ุจูุงููุฑุง ูุชุทูุฑุฉ ูุฃุฏุงุก ููู.', 'HONOR', 'Magic6 Pro', 512, 16, 'ุฃุณูุฏ', '358765432109870', false, 'UNKNOWN', false, 'A', 100, 'PERFECT', 'LIKE_NEW', true, true, true, 'ุงูุดุงุญู 80Wุ ุงูุนูุจุฉ ูุงููุฉ', 48000, 55000, true, true, '{"wanted_brands": ["HUAWEI", "SAMSUNG"], "min_value_percent": 80}', '["/mobiles/honor-magic6pro-black-1.jpg"]', 'ุงููุงูุฑุฉ', 'ูุฏููุฉ ูุตุฑ', 'ุงูููุทูุฉ ุงูุนุงุดุฑุฉ', 'ACTIVE', false, 'BASIC', 120, 10, 3, 12, NOW() - INTERVAL '1 day', NOW() + INTERVAL '29 days'),

  -- Google Pixel Listings (ุฅุนูุงูุงุช ุฌูุฌู ุจููุณู)
  ('mobile_17', 'user_test_5', 'Google Pixel 8 Pro 256GB - ุฃุฒุฑู', 'ุฌูุฌู ุจููุณู 8 ุจุฑู ุจุฃูุถู ูุงููุฑุง ูุชุฌุฑุจุฉ ุฃูุฏุฑููุฏ ูููุฉ.', 'GOOGLE', 'Pixel 8 Pro', 256, 12, 'Bay Blue', '354098765432109', true, 'CLEAN', false, 'A', 97, 'PERFECT', 'LIKE_NEW', true, true, true, 'ุงูุดุงุญูุ ุงููุงุจู USB-C', 44000, 50000, true, true, '{"wanted_brands": ["APPLE", "SAMSUNG"], "min_value_percent": 80}', '["/mobiles/pixel8pro-blue-1.jpg", "/mobiles/pixel8pro-blue-2.jpg"]', 'ุงููุงูุฑุฉ', 'ุงูููุทู', 'ุงููุถุจุฉ ุงููุณุทู', 'ACTIVE', false, 'BASIC', 165, 13, 4, 10, NOW() - INTERVAL '5 days', NOW() + INTERVAL '25 days'),

  -- Infinix Listings (ุฅุนูุงูุงุช ุงูููููุณ)
  ('mobile_18', 'user_test_3', 'Infinix Note 40 Pro 256GB - ุฐูุจู', 'ุงูููููุณ ููุช 40 ุจุฑู ุจุณุนุฑ ุงูุชุตุงุฏู ูููุงุตูุงุช ููุชุงุฒุฉ.', 'INFINIX', 'Note 40 Pro', 256, 12, 'ุฐูุจู', '359876543210980', false, 'UNKNOWN', false, 'A', 100, 'PERFECT', 'LIKE_NEW', true, true, true, 'ุงูุดุงุญู 68Wุ ุงูุฌุฑุงุจ', 13000, 15000, false, true, '{"wanted_brands": ["INFINIX", "TECNO", "XIAOMI"], "min_value_percent": 70}', '["/mobiles/infinixnote40pro-gold-1.jpg"]', 'ุงูุดุฑููุฉ', 'ุงูุฒูุงุฒูู', 'ูุณุท ุงููุฏููุฉ', 'ACTIVE', false, 'BASIC', 280, 22, 8, 12, NOW() - INTERVAL '3 days', NOW() + INTERVAL '27 days'),

  -- Tecno Listings (ุฅุนูุงูุงุช ุชููู)
  ('mobile_19', 'user_test_4', 'Tecno Camon 30 Pro 256GB - ุฃุฎุถุฑ', 'ุชููู ูุงููู 30 ุจุฑู ุจูุงููุฑุง 50 ููุฌุงุจููุณู ูุดุงุดุฉ AMOLED.', 'TECNO', 'Camon 30 Pro', 256, 12, 'ุฃุฎุถุฑ', '350987654321098', false, 'UNKNOWN', false, 'A', 100, 'PERFECT', 'LIKE_NEW', true, true, true, 'ุงูุดุงุญู 70Wุ ุงูุณูุงุนุงุช', 14000, 16000, false, true, '{"wanted_brands": ["TECNO", "INFINIX"], "min_value_percent": 70}', '["/mobiles/tecnocamon30pro-green-1.jpg"]', 'ุงููููุง', 'ูุบุงุบุฉ', 'ูุณุท ุงููุฏููุฉ', 'ACTIVE', false, 'BASIC', 150, 12, 4, 12, NOW() - INTERVAL '2 days', NOW() + INTERVAL '28 days'),

  -- OnePlus Listings (ุฅุนูุงูุงุช ูู ุจูุณ)
  ('mobile_20', 'user_test_1', 'OnePlus 12 256GB - ุฃุฎุถุฑ Flowy Emerald', 'ูู ุจูุณ 12 ุจุชุฌุฑุจุฉ OxygenOS ุงูุณูุณุฉ ูุฃุฏุงุก ุฎุงุฑู.', 'ONEPLUS', 'OnePlus 12', 256, 16, 'Flowy Emerald', '352987654321098', true, 'CLEAN', true, 'A', 98, 'PERFECT', 'LIKE_NEW', true, true, true, 'ุงูุดุงุญู 100Wุ ุงูุฌุฑุงุจ ุงูุฃุตูู', 44000, 50000, true, true, '{"wanted_brands": ["SAMSUNG", "XIAOMI"], "min_value_percent": 80}', '["/mobiles/oneplus12-green-1.jpg", "/mobiles/oneplus12-green-2.jpg"]', 'ุงููุงูุฑุฉ', 'ุงูุฑุญุงุจ', 'ุงููุฑุญูุฉ ุงูุฃููู', 'ACTIVE', false, 'BASIC', 210, 17, 6, 10, NOW() - INTERVAL '4 days', NOW() + INTERVAL '26 days')

ON CONFLICT (id) DO UPDATE SET
  status = EXCLUDED.status,
  views_count = EXCLUDED.views_count,
  favorites_count = EXCLUDED.favorites_count;

-- =====================================================
-- IMEI Verifications (ุชุญููุงุช IMEI)
-- =====================================================
INSERT INTO mobile_imei_verifications (id, listing_id, imei, is_blacklisted, is_stolen, is_financed, carrier_lock_status, original_carrier, reported_model, actual_model, model_matches, ntra_registration_status, ntra_check_date, verification_provider, verified_at)
VALUES
  ('imei_1', 'mobile_1', '353456789012345', false, false, false, 'UNLOCKED', NULL, 'iPhone 15 Pro Max', 'iPhone 15 Pro Max', true, 'REGISTERED', NOW() - INTERVAL '4 days', 'GSMA_IMEI_DB', NOW() - INTERVAL '4 days'),
  ('imei_2', 'mobile_2', '357890123456789', false, false, false, 'UNLOCKED', NULL, 'iPhone 14 Pro', 'iPhone 14 Pro', true, 'REGISTERED', NOW() - INTERVAL '7 days', 'GSMA_IMEI_DB', NOW() - INTERVAL '7 days'),
  ('imei_3', 'mobile_3', '351234567890123', false, false, false, 'UNLOCKED', NULL, 'iPhone 13', 'iPhone 13', true, 'REGISTERED', NOW() - INTERVAL '2 days', 'GSMA_IMEI_DB', NOW() - INTERVAL '2 days'),
  ('imei_4', 'mobile_4', '359876543210987', false, false, false, 'UNLOCKED', NULL, 'iPhone 12 Pro Max', 'iPhone 12 Pro Max', true, 'REGISTERED', NOW() - INTERVAL '11 days', 'GSMA_IMEI_DB', NOW() - INTERVAL '11 days'),
  ('imei_5', 'mobile_5', '354321098765432', false, false, false, 'UNLOCKED', NULL, 'Galaxy S24 Ultra', 'Galaxy S24 Ultra', true, 'REGISTERED', NOW() - INTERVAL '1 day', 'GSMA_IMEI_DB', NOW() - INTERVAL '1 day'),
  ('imei_6', 'mobile_6', '352109876543210', false, false, false, 'UNLOCKED', NULL, 'Galaxy S23 Ultra', 'Galaxy S23 Ultra', true, 'REGISTERED', NOW() - INTERVAL '5 days', 'GSMA_IMEI_DB', NOW() - INTERVAL '5 days'),
  ('imei_7', 'mobile_7', '358765432109876', false, false, false, 'UNLOCKED', NULL, 'Galaxy Z Fold5', 'Galaxy Z Fold5', true, 'REGISTERED', NOW() - INTERVAL '3 days', 'GSMA_IMEI_DB', NOW() - INTERVAL '3 days'),
  ('imei_9', 'mobile_9', '351098765432109', false, false, false, 'UNLOCKED', NULL, 'Xiaomi 14 Ultra', 'Xiaomi 14 Ultra', true, 'NOT_REGISTERED', NOW() - INTERVAL '2 days', 'GSMA_IMEI_DB', NOW() - INTERVAL '2 days'),
  ('imei_11', 'mobile_11', '356789012345678', false, false, false, 'UNLOCKED', NULL, 'POCO X6 Pro', 'POCO X6 Pro', true, 'REGISTERED', NOW() - INTERVAL '6 days', 'GSMA_IMEI_DB', NOW() - INTERVAL '6 days'),
  ('imei_12', 'mobile_12', '353210987654321', false, false, false, 'UNLOCKED', NULL, 'Find X7 Ultra', 'Find X7 Ultra', true, 'REGISTERED', NOW() - INTERVAL '4 days', 'GSMA_IMEI_DB', NOW() - INTERVAL '4 days'),
  ('imei_15', 'mobile_15', '357654321098765', false, false, false, 'UNLOCKED', NULL, 'GT5 Pro', 'GT5 Pro', true, 'REGISTERED', NOW() - INTERVAL '5 days', 'GSMA_IMEI_DB', NOW() - INTERVAL '5 days'),
  ('imei_17', 'mobile_17', '354098765432109', false, false, false, 'UNLOCKED', NULL, 'Pixel 8 Pro', 'Pixel 8 Pro', true, 'NOT_REGISTERED', NOW() - INTERVAL '4 days', 'GSMA_IMEI_DB', NOW() - INTERVAL '4 days'),
  ('imei_20', 'mobile_20', '352987654321098', false, false, false, 'UNLOCKED', NULL, 'OnePlus 12', 'OnePlus 12', true, 'REGISTERED', NOW() - INTERVAL '3 days', 'GSMA_IMEI_DB', NOW() - INTERVAL '3 days')
ON CONFLICT (id) DO NOTHING;

-- =====================================================
-- Device Diagnostics (ุชูุงุฑูุฑ ูุญุต ุงูุฃุฌูุฒุฉ)
-- =====================================================
INSERT INTO mobile_device_diagnostics (id, listing_id, battery_health_percent, battery_cycle_count, battery_original, dead_pixels_count, touch_responsive, screen_original, cameras_functional, speakers_functional, microphone_functional, sensors_functional, buttons_functional, wifi_functional, bluetooth_functional, gps_functional, sim_card_functional, faceid_functional, fingerprint_functional, diagnostic_score, diagnostic_provider, diagnosed_at)
VALUES
  ('diag_1', 'mobile_1', 100, 45, true, 0, true, true, true, true, true, true, true, true, true, true, true, true, NULL, 98, 'XChange_DiagTool', NOW() - INTERVAL '5 days'),
  ('diag_2', 'mobile_2', 92, 180, true, 0, true, true, true, true, true, true, true, true, true, true, true, true, NULL, 95, 'XChange_DiagTool', NOW() - INTERVAL '8 days'),
  ('diag_5', 'mobile_5', 100, 10, true, 0, true, true, true, true, true, true, true, true, true, true, true, NULL, true, 100, 'XChange_DiagTool', NOW() - INTERVAL '2 days'),
  ('diag_6', 'mobile_6', 95, 120, true, 0, true, true, true, true, true, true, true, true, true, true, true, NULL, true, 97, 'XChange_DiagTool', NOW() - INTERVAL '6 days'),
  ('diag_7', 'mobile_7', 93, 150, true, 0, true, true, true, true, true, true, true, true, true, true, true, NULL, true, 96, 'XChange_DiagTool', NOW() - INTERVAL '4 days'),
  ('diag_9', 'mobile_9', 100, 20, true, 0, true, true, true, true, true, true, true, true, true, true, true, NULL, true, 99, 'XChange_DiagTool', NOW() - INTERVAL '3 days'),
  ('diag_12', 'mobile_12', 97, 80, true, 0, true, true, true, true, true, true, true, true, true, true, true, NULL, true, 98, 'XChange_DiagTool', NOW() - INTERVAL '5 days'),
  ('diag_17', 'mobile_17', 97, 90, true, 0, true, true, true, true, true, true, true, true, true, true, true, true, true, 97, 'XChange_DiagTool', NOW() - INTERVAL '5 days'),
  ('diag_20', 'mobile_20', 98, 60, true, 0, true, true, true, true, true, true, true, true, true, true, true, NULL, true, 98, 'XChange_DiagTool', NOW() - INTERVAL '4 days')
ON CONFLICT (id) DO NOTHING;

-- =====================================================
-- Mobile Transactions (ูุนุงููุงุช ุงูููุจุงููุงุช)
-- =====================================================
INSERT INTO mobile_transactions (id, listing_id, buyer_id, seller_id, transaction_type, agreed_price_egp, platform_fee_egp, seller_payout_egp, payment_method, escrow_amount, escrow_held_at, escrow_released_at, delivery_method, delivery_status, inspection_starts_at, inspection_ends_at, buyer_confirmed, status, created_at, completed_at)
VALUES
  ('trans_1', 'mobile_3', 'user_test_4', 'user_test_3', 'SALE', 26000, 520, 25480, 'ESCROW', 26000, NOW() - INTERVAL '18 days', NOW() - INTERVAL '10 days', 'MEETUP', 'DELIVERED', NOW() - INTERVAL '15 days', NOW() - INTERVAL '10 days', true, 'COMPLETED', NOW() - INTERVAL '20 days', NOW() - INTERVAL '10 days'),
  ('trans_2', 'mobile_8', 'user_test_1', 'user_test_3', 'SALE', 14500, 290, 14210, 'ESCROW', 14500, NOW() - INTERVAL '13 days', NOW() - INTERVAL '5 days', 'BOSTA', 'DELIVERED', NOW() - INTERVAL '10 days', NOW() - INTERVAL '5 days', true, 'COMPLETED', NOW() - INTERVAL '15 days', NOW() - INTERVAL '5 days'),
  ('trans_3', 'mobile_1', 'user_test_5', 'user_test_1', 'SALE', 72000, 1440, 70560, 'ESCROW', 72000, NOW() - INTERVAL '2 days', NULL, 'MEETUP', 'DELIVERED', NOW() - INTERVAL '2 days', NOW() + INTERVAL '3 days', false, 'INSPECTION', NOW() - INTERVAL '2 days', NULL),
  ('trans_4', 'mobile_5', 'user_test_2', 'user_test_4', 'SALE', 69000, 1380, 67620, 'ESCROW', 69000, NOW() - INTERVAL '3 days', NULL, 'BOSTA', 'IN_TRANSIT', NULL, NULL, false, 'SHIPPING', NOW() - INTERVAL '3 days', NULL),
  ('trans_5', 'mobile_2', 'user_test_3', 'user_test_2', 'BARTER_WITH_CASH', NULL, 0, NULL, 'ESCROW', 5000, NOW() - INTERVAL '16 days', NOW() - INTERVAL '8 days', 'MEETUP', 'DELIVERED', NOW() - INTERVAL '13 days', NOW() - INTERVAL '8 days', true, 'COMPLETED', NOW() - INTERVAL '18 days', NOW() - INTERVAL '8 days')
ON CONFLICT (id) DO NOTHING;

-- =====================================================
-- Barter Matches (ูุทุงุจูุงุช ุงูููุงูุถุฉ)
-- =====================================================
INSERT INTO mobile_barter_matches (id, match_type, total_value_egp, cash_settlements, match_score, location_compatible, status, created_at)
VALUES
  ('match_1', 'DIRECT', 143000, '{"user_test_1": -3000, "user_test_4": 3000}', 85.5, true, 'PROPOSED', NOW() - INTERVAL '1 day'),
  ('match_2', 'DIRECT', 110000, '{"user_test_2": -6500, "user_test_1": 6500}', 78.0, true, 'PROPOSED', NOW() - INTERVAL '2 days'),
  ('match_3', 'DIRECT', 78000, '{"user_test_3": 18000, "user_test_2": -18000}', 72.0, true, 'ALL_ACCEPTED', NOW() - INTERVAL '5 days'),
  ('match_4', 'DIRECT', 27000, '{"user_test_3": -1000, "user_test_2": 1000}', 80.0, false, 'PROPOSED', NOW() - INTERVAL '1 day'),
  ('match_5', 'DIRECT', 151000, '{"user_test_5": 5000, "user_test_1": -5000}', 75.0, true, 'PROPOSED', NOW() - INTERVAL '3 days')
ON CONFLICT (id) DO NOTHING;

-- =====================================================
-- Barter Match Participants (ูุดุงุฑููู ุงูููุงูุถุฉ)
-- =====================================================
INSERT INTO mobile_barter_match_participants (id, match_id, user_id, offers_listing_id, offers_value, receives_listing_id, receives_value, cash_to_pay, cash_to_receive, accepted, accepted_at)
VALUES
  ('part_1a', 'match_1', 'user_test_1', 'mobile_1', 73000, 'mobile_5', 70000, 3000, 0, false, NULL),
  ('part_1b', 'match_1', 'user_test_4', 'mobile_5', 70000, 'mobile_1', 73000, 0, 3000, false, NULL),
  ('part_2a', 'match_2', 'user_test_2', 'mobile_6', 52000, 'mobile_9', 58000, 6500, 0, false, NULL),
  ('part_2b', 'match_2', 'user_test_1', 'mobile_9', 58000, 'mobile_6', 52000, 0, 6500, false, NULL),
  ('part_3a', 'match_3', 'user_test_3', 'mobile_15', 30000, 'mobile_2', 48000, 0, 18000, true, NOW() - INTERVAL '4 days'),
  ('part_3b', 'match_3', 'user_test_2', 'mobile_2', 48000, 'mobile_15', 30000, 18000, 0, true, NOW() - INTERVAL '4 days')
ON CONFLICT (match_id, user_id) DO NOTHING;

-- =====================================================
-- Barter Proposals (ุนุฑูุถ ุงูููุงูุถุฉ)
-- =====================================================
INSERT INTO mobile_barter_proposals (id, proposer_id, receiver_id, offered_listing_id, requested_listing_id, cash_difference, cash_direction, proposer_message, status, created_at, expires_at)
VALUES
  ('proposal_1', 'user_test_1', 'user_test_4', 'mobile_1', 'mobile_5', 3000, 'PROPOSER_PAYS', 'ููุชู ุจุงูููุงูุถุฉ - ุงูุฌูุงุฒ ูุธูู ุฌุฏุงู ูุจุญุงูุฉ ููุชุงุฒุฉ. ูุณุชุนุฏ ูุฏูุน ูุฑู 3000 ุฌููู.', 'PENDING', NOW() - INTERVAL '12 hours', NOW() + INTERVAL '6 days 12 hours'),
  ('proposal_2', 'user_test_2', 'user_test_1', 'mobile_6', 'mobile_9', 6500, 'PROPOSER_PAYS', 'ุฌูุงุฒู S23 Ultra ุจุญุงูุฉ ููุชุงุฒุฉ - ูุณุชุนุฏ ููููุงูุถุฉ ูุน ุฏูุน ุงููุฑู', 'PENDING', NOW() - INTERVAL '1 day', NOW() + INTERVAL '6 days'),
  ('proposal_3', 'user_test_3', 'user_test_2', 'mobile_15', 'mobile_2', 18000, 'RECEIVER_PAYS', 'ูุณุชุนุฏ ูุงุณุชูุงู ูุฑู 18000 ุฌููู ูุน ุงูููุงูุถุฉ', 'ACCEPTED', NOW() - INTERVAL '5 days', NOW() + INTERVAL '2 days'),
  ('proposal_4', 'user_test_3', 'user_test_2', 'mobile_18', 'mobile_11', 1000, 'PROPOSER_PAYS', 'ููุงูู ุนูู ุงูููุงูุถุฉ ูุน ุฏูุน ูุฑู ุจุณูุท', 'PENDING', NOW() - INTERVAL '6 hours', NOW() + INTERVAL '6 days 18 hours')
ON CONFLICT (id) DO NOTHING;

-- =====================================================
-- Mobile Reviews (ุชููููุงุช ุงูููุจุงููุงุช)
-- =====================================================
INSERT INTO mobile_reviews (id, transaction_id, reviewer_id, reviewee_id, rating, accuracy_rating, communication_rating, speed_rating, comment_ar, is_verified_purchase, seller_response, created_at)
VALUES
  ('review_1', 'trans_1', 'user_test_4', 'user_test_3', 5, 5, 5, 5, 'ุงูุฌูุงุฒ ูุตู ุจุญุงูุฉ ููุชุงุฒุฉ ุชูุงูุงู ููุง ูู ุงููุตู. ุงูุจุงุฆุน ูุชุนุงูู ุฌุฏุงู ูุงูุชูุงุตู ูุงู ุณูู. ุฃูุตุญ ุจุงูุชุนุงูู ูุนู.', true, 'ุดูุฑุงู ูู ุนูู ุซูุชู. ุณุนูุฏ ุฃู ุงูุฌูุงุฒ ูุงู ุฅุนุฌุงุจู!', NOW() - INTERVAL '10 days'),
  ('review_2', 'trans_1', 'user_test_3', 'user_test_4', 5, 5, 5, 5, 'ูุดุชุฑู ููุชุงุฒ. ุชุนุงูู ูุญุชุฑู ูุณุฑูุน. ุชู ุฅุชูุงู ุงููุนุงููุฉ ุจุณูุงุณุฉ.', true, NULL, NOW() - INTERVAL '9 days'),
  ('review_3', 'trans_2', 'user_test_1', 'user_test_3', 4, 4, 5, 4, 'ุงูุฌูุงุฒ ุจุญุงูุฉ ุฌูุฏุฉ. ุชูุฌุฏ ุจุนุถ ุงูุฎุฏูุด ุงูุจุณูุทุฉ ููุง ุฐูุฑ ุงูุจุงุฆุน. ุณุนุฑ ููุงุณุจ ุฌุฏุงู.', true, 'ุดูุฑุงู ูุชููููู. ุณุนูุฏ ุฃู ุงููุนุงููุฉ ุชูุช ุจูุฌุงุญ.', NOW() - INTERVAL '5 days'),
  ('review_4', 'trans_5', 'user_test_3', 'user_test_2', 5, 5, 5, 5, 'ุชุฌุฑุจุฉ ููุงูุถุฉ ููุชุงุฒุฉ. ุงูุฌูุงุฒ ูุทุงุจู ูููุตู ูุงูุจุงุฆุน ูุงู ุตุฑูุญ ุฌุฏุงู ูู ูู ุงูุชูุงุตูู.', true, NULL, NOW() - INTERVAL '8 days'),
  ('review_5', 'trans_5', 'user_test_2', 'user_test_3', 5, 5, 5, 5, 'ุดุฎุต ููุซูู. ุชุนุงูู ุฑุงูู ููุญุชุฑู. ุงูููุงูุถุฉ ุชูุช ุจูุฌุงุญ ูุณูููุฉ.', true, NULL, NOW() - INTERVAL '7 days')
ON CONFLICT (transaction_id, reviewer_id) DO NOTHING;

-- =====================================================
-- Mobile Favorites (ุงูููุถูุงุช)
-- =====================================================
INSERT INTO mobile_favorites (id, user_id, listing_id, created_at)
VALUES
  ('fav_1', 'user_test_1', 'mobile_5', NOW() - INTERVAL '3 days'),
  ('fav_2', 'user_test_1', 'mobile_7', NOW() - INTERVAL '2 days'),
  ('fav_3', 'user_test_2', 'mobile_1', NOW() - INTERVAL '4 days'),
  ('fav_4', 'user_test_2', 'mobile_9', NOW() - INTERVAL '1 day'),
  ('fav_5', 'user_test_3', 'mobile_5', NOW() - INTERVAL '5 days'),
  ('fav_6', 'user_test_3', 'mobile_6', NOW() - INTERVAL '3 days'),
  ('fav_7', 'user_test_4', 'mobile_1', NOW() - INTERVAL '2 days'),
  ('fav_8', 'user_test_4', 'mobile_17', NOW() - INTERVAL '4 days'),
  ('fav_9', 'user_test_5', 'mobile_9', NOW() - INTERVAL '1 day'),
  ('fav_10', 'user_test_5', 'mobile_20', NOW() - INTERVAL '3 days')
ON CONFLICT (user_id, listing_id) DO NOTHING;

-- =====================================================
-- Price Alerts (ุชูุจููุงุช ุงูุฃุณุนุงุฑ)
-- =====================================================
INSERT INTO mobile_price_alerts (id, user_id, brand, model, max_price_egp, min_condition_grade, governorate, min_storage_gb, is_active, notification_count, created_at)
VALUES
  ('alert_1', 'user_test_1', 'APPLE', 'iPhone 15 Pro Max', 70000, 'A', NULL, 256, true, 0, NOW() - INTERVAL '10 days'),
  ('alert_2', 'user_test_1', 'SAMSUNG', 'Galaxy S24 Ultra', 65000, 'A', NULL, 256, true, 0, NOW() - INTERVAL '5 days'),
  ('alert_3', 'user_test_2', 'APPLE', 'iPhone 14 Pro', 40000, 'B', NULL, 128, true, 0, NOW() - INTERVAL '7 days'),
  ('alert_4', 'user_test_3', 'XIAOMI', 'Xiaomi 14 Ultra', 55000, 'A', NULL, 512, true, 0, NOW() - INTERVAL '3 days'),
  ('alert_5', 'user_test_4', 'SAMSUNG', 'Galaxy Z Fold5', 75000, 'A', NULL, 256, true, 0, NOW() - INTERVAL '8 days'),
  ('alert_6', 'user_test_5', 'GOOGLE', 'Pixel 8 Pro', 42000, 'A', NULL, 256, true, 1, NOW() - INTERVAL '6 days')
ON CONFLICT (id) DO NOTHING;

-- =====================================================
-- Mobile Disputes (ูุฒุงุนุงุช ุงูููุจุงููุงุช)
-- =====================================================
INSERT INTO mobile_disputes (id, transaction_id, initiated_by_id, reason, description_ar, evidence_urls, status, resolution, resolution_notes, resolved_by_id, refund_amount, created_at, resolved_at)
VALUES
  ('dispute_1', 'trans_2', 'user_test_1', 'NOT_AS_DESCRIBED', 'ุงูุจุทุงุฑูุฉ ุฃูู ูู ุงููุฐููุฑ ูู ุงูุฅุนูุงู (85% ุจุฏูุงู ูู 88%)', '["/evidence/dispute1_battery_screenshot.jpg"]', 'RESOLVED', 'REFUND_PARTIAL', 'ุชู ุงูุงุชูุงู ุนูู ุฎุตู 500 ุฌููู ูู ุงููุจูุบ ูุชุนููุถ ุนู ูุฑู ุญุงูุฉ ุงูุจุทุงุฑูุฉ. ุชู ุงุณุชููุงู ุงููุนุงููุฉ.', 'user_admin', 500, NOW() - INTERVAL '6 days', NOW() - INTERVAL '5 days')
ON CONFLICT (id) DO NOTHING;

-- =====================================================
-- Success Message
-- =====================================================
DO $$
BEGIN
    RAISE NOTICE 'โ Mobile marketplace seed data inserted successfully!';
    RAISE NOTICE '๐ฑ Inserted: 20 listings, 45 price references, 13 IMEI verifications';
    RAISE NOTICE '๐ณ Inserted: 5 transactions, 5 barter matches, 4 proposals';
    RAISE NOTICE 'โญ Inserted: 5 reviews, 10 favorites, 6 price alerts, 1 dispute';
END $$;
